:0200000400FEFC
:102000004563686F20617267756D656E74733B2000
:1020100071756F74657320737570706F7274656419
:10202000006563686F00436C65617220414E5349DF
:10203000207465726D696E616C00636C656172001D
:1020400052657365742064656D6F20636F756E747F
:102050006572730072657365740058444154412081
:1020600068656170207573616765006D656D00441A
:10207000796E616D69632062656174207374617249
:10208000747C73746F707C7374617475730064799D
:102090006E00536F6674776172652074696D657246
:1020A000206F6E7C6F66667C6D696C6C69736563AE
:1020B0006F6E64730074696D6572004576656E7449
:1020C0002C2071756575652C206D7574657820619F
:1020D0006E642074696D6572207374617475730029
:1020E0004C4344207374617475737C6970637C6DB8
:1020F000736820706167650070616765005365747F
:102100002068656172746265617420706572696FC0
:102110006420696E206D7300626561740044656DB2
:102120006F20636F756E74657273007374617400F1
:102130004B65726E656C20616E6420626F617264C3
:102140002076657273696F6E0076657273696F6E63
:1021500000526561642052544F53207469636B00D0
:102160007469636B004C6973742074687265616490
:102170007320616E6420737461636B207573616793
:1021800065007073004C69737420636F6D6D616ED0
:1021900064730068656C70004C434420706167652F
:1021A0003D25750A0075736167653A207061676542
:1021B000207374617475737C6970637C6D73687C63
:1021C000307C317C320A006D736800697063007086
:1021D0006167653D25752028303D737461747573A2
:1021E00020313D69706320323D6D7368290A0058C3
:1021F00044415441206865617020746F74616C3D86
:10220000256C7520757365643D256C75206D61784E
:102210003D256C7520667265653D256C750A006606
:10222000726565006275737900626561743D25733E
:1022300020454441544120737461636B3D257320F4
:10224000283531322042206D6178290A007374618B
:102250007475730073746F70207265717565737433
:1022600065643B2077616974203C3D317320666F63
:102270007220626561742065786974202B2069641E
:102280006C65207265636C616D6174696F6E0A00C4
:1022900073746F700064796E616D6963207374612B
:1022A00072743D25643B206F6E6520454441544166
:1022B00020737461636B20736C6F740A00737461B4
:1022C00072740075736167653A2064796E20737467
:1022D0006172747C73746F707C7374617475730A4B
:1022E00000736F66742074696D6572207065726921
:1022F0006F643D2575206D7320726573756C743D38
:1023000025640A0075736167653A2074696D6572AA
:10231000206F6E7C6F66667C3C31302E2E31303003
:1023200030206D732C20737465702031303E0A00AC
:1023300073746F707065640072756E6E696E672F6E
:1023400073746F7070696E67006F6666006F6E0001
:10235000736F66742074696D65723D2573206869BA
:1023600074733D256C752064796E616D69632062BC
:102370006561743D25730A006D712073656E743D4F
:10238000256C7520726563763D256C752064726FCF
:10239000703D256C752070656E64696E673D256CB7
:1023A00075206C6173743D256C750A006576656EE9
:1023B000743A204F527C434C45415220626561740F
:1023C0002F6B65792F74696D65723B206D7574652F
:1023D000783A20636F756E74730A000A0020002536
:1023E000732573001B5B324A1B5B480064656D6F8D
:1023F00020636F756E746572732072657365740AFD
:10240000006265617420706572696F643D25752096
:102410006D730A0075736167653A206265617420A7
:102420003C3130302E2E31303030206D732C207303
:102430007465702031303E0A00626561743D256C20
:1024400075206B6579733D256C75206C63643D2543
:102450006C7520706572696F643D2575206D732001
:102460006661756C743D25750A00535443333247D9
:1024700031324B313238202F204332353120333541
:102480004D487A202F20555342204344430A00747C
:1024900069636B3D256C752028313030487A290AF4
:1024A0000073746174653A2072656164793D31200E
:1024B00073757370656E643D322072756E6E696EF1
:1024C000673D333B20737461636B2067726F777372
:1024D000207570776172640A00252D387320257588
:1024E000202020202575202020202025752F2575CF
:1024F0000A007468726561642020207072696F2020
:10250000737461746520737461636B2075736564A3
:102510002F73697A650A0000FE219300FE21856809
:102520002200FE218200FE2165280F00FE216000AE
:10253000FE21517FCB00FE214900FE2130810200A7
:10254000FE212B00FE211D5DA800FE211800FE20AB
:10255000FD641F00FE20F800FE20E044B300FE21D1
:10256000CB00FE20BB47B100FE20B500FE20924903
:10257000D000FE208E00FE206F3CE500FE206B00A8
:10258000FE205A687300FE205400FE204081130094
:10259000FE203A00FE2026818F00FE202100FE2032
:1025A000005BF50E11131519110E00040C04040440
:1025B000040E000E11010204081F001F0204020194
:1025C000110E0002060A121F0202001F101E010156
:1025D000110E000608101E11110E001F0102040446
:1025E0000404000E11110E11110E000E11110E0136
:1025F000020C000E1111111F1111001E09090E0904
:10260000091E000E11101010110E001E09090909F3
:10261000091E001F10101F10101F001F10101E1089
:102620001010000E11131519110E00040C040404EF
:10263000040E000E11010204081F001F0204020113
:10264000110E0002060A121F0202001F101E0101D5
:10265000110E000608101E11110E001F01020404C5
:102660000404000E11110E11110E000E11110E01B5
:10267000020C000E1111111F1111001E09090E0983
:10268000091E000E11101010110E001E0909090973
:10269000091E001F10101F10101F001F10101E1009
:1026A00010100000000000000000000404040400FA
:1026B0000004000A0A0A0A000000000A0A1F0A1F92
:1026C0000A0A00040F140E051E040018190204085B
:1026D0001303000C12140815120D000C040800005E
:1026E00000000002040808080402000804020202B4
:1026F0000408000004150E150400000004041F0463
:10270000040000000000000C0408000000001F008E
:1027100000000000000000000C0C00000102040892
:102720001000000E11131519110E00040C040404FE
:10273000040E000E11010204081F001F0204020112
:10274000110E0002060A121F0202001F101E0101D4
:10275000110E000608101E11110E001F01020404C4
:102760000404000E11110E11110E000E11110E01B4
:10277000020C00000C0C000C0C0000000C0C000CF7
:10278000040800020408100804020000001F001FD3
:1027900000000008040201020408000E11010204F6
:1027A0000004000E11010D15150E000E1111111F60
:1027B0001111001E09090E09091E000E111010103A
:1027C000110E001E09090909091E001F10101F1013
:1027D000101F001F10101E101010000E11101311EA
:1027E000110F001111111F111111000E0404040426
:1027F000040E000702020202120C00111214181437
:102800001211001010101010101F00111B151111C3
:1028100011110011191915131311000E11111111B5
:10282000110E001E11111E101010000E11111115A5
:10283000120B001E11111E141211000E11100E01A8
:10284000110E001F040404040404001111111111DD
:10285000110E0011111111110A0400111111151599
:102860001B110011110A040A1111001111110A049F
:102870000404001F01020408101F000E08080808C5
:10288000080E0000100804020100000E02020202FD
:10289000020E00040A110000000000000000000009
:1028A000001F00100804000000000000000E010FCF
:1028B000110F001010161911111E0000000E11103A
:1028C000110E0001010D1311110F0000000E111F58
:1028D000100E000205040E04040400000D13130D75
:1028E000010E00101016191111110004000C04043F
:1028F000040E000200060202120C000808090A0C6D
:102900000A09000C04040404040E0000001A151542
:10291000151500000016191111110000000E1111FB
:10292000110E000016191916101000000D13130DCA
:10293000010100000016191010100000000F101EF9
:10294000011F0008081C08080906000000121212E6
:10295000120D0000001111110A04000000111115E0
:10296000150A000000110A040A11000000111113D9
:102970000D010E00001F0204081F000204040804D9
:10298000040200020202000202020008040402041F
:1029900004080008150200000000001F1F1F1F1F71
:1029A0001F1F001F1F1F1F1F1F1F00000000001FF1
:1029B000000000000000000E001F0000001F000EBD
:1029C000001F0000001F151F111F00001E081E0A17
:1029D0000A1F00000004041F0A11000008081F0855
:1029E00009070000000A0A0A0A11000000081E0A6E
:1029F0000A1B00000004041F04040000001F111F34
:102A0000111F00181C1E1F1E1C180053544F50503D
:102A10004544200052554E4E494E472000484541FE
:102A2000502055534544004C4153542053414D5080
:102A30004C450051554555452044524F5050454452
:102A4000005155455545205245434549564544009A
:102A500051554555452053454E5400534F4654203B
:102A600054494D45522048495453004556454E540B
:102A7000204F527C434C454152202B20434F554E12
:102A80005453204D55544558202B20342D4D45533B
:102A9000534147452051554555450044594E414DF8
:102AA0004943004C43442055504441544553005041
:102AB0004552494F44204D530048454152544245E8
:102AC0004154004B455953005449434B0031303079
:102AD000487A20505245454D5054495645207C2057
:102AE00055534220434443207C2044594E414D4994
:102AF0004320544852454144202B20495043004C28
:102B00002F523A2050414745202050332E323A2050
:102B10004E4558542020552F443A204245415420D8
:102B20002043454E5445523A205245534554004D9A
:102B30005348004950430053544154555300525494
:102B40002D544852454144204E414E4F202F205392
:102B50005443333247006865617000284E554C4C31
:102B600029002032303036202D20323032322043BE
:102B70006F707972696768742062792052542D549D
:102B80006872656164207465616D0A0032333A339E
:102B9000313A3535004F63742030362032303236CA
:102BA00000202F207C205C202020202025642E2542
:102BB000642E2564206275696C642025732025735A
:102BC0000A002D205254202D2020202020546872ED
:102BD000656164204F7065726174696E6720537916
:102BE0007374656D0A000A205C207C202F0A004562
:102BF000554E4B4E4F570045494E56414C004549A6
:102C00004E545250540045494F00454255535900C7
:102C1000454E4F53595300454E4F4D454D0045527B
:102C200053455054590045525346554C4C00455459
:102C3000494D4F5554004552524F52004F4B0000E2
:102C400001021B03181C200411191F1D0C200E0566
:102C50000812201A1720101E0B0D0720160F0A0647
:102C6000150914133031323334353637383961624F
:102C70006364656600303132333435363738394174
:102C80004243444546000002001100320001042C7A
:102C90000100010D6AFF00040D6200000000000841
:102CA0000C4F00000C4F00000C4F00010D6C000099
:102CB000300CF600FE2C3C00FE2C3600FE2C2E00C4
:102CC000FE2C2600FE2C1E00FE2C1700FE2C1000F1
:102CD000FE2C0A00FE2C0600FE2BFE00FE2BF70049
:102CE000FE2BEF00540C5700010000000000000014
:102CF00000007300020000000000000000001E0041
:102D0000030000000000000000002200040000009A
:102D10000000000000001E0006000000000000008F
:102D2000000038000A000000000000000000280039
:102D30000C0000000000000000002000040CEB006C
:102D40000000000001094C010004043500000000EF
:102D500000040439000000000004043D00000000ED
:102D600000000081011612000000000000000000B9
:102D70000000000000000000000000000000000053
:102D80000000000000000000000000000000000043
:102D90000000000000000000000000000000000033
:102DA0000000000000000000000000000000000023
:102DB0000000000000000000000000000000000013
:102DC0000000000000000000000000000000000003
:102DD00000000000000000000000000000000000F3
:102DE0000000000000000000000025730A002573A9
:102DF0003A20636F6D6D616E64206E6F7420666F34
:102E0000756E642E0A0025732000546F6F206D616B
:102E10006E7920617267732021205765206F6E6C78
:102E200079205573653A0A000A00252D3136732042
:102E30002D2025730A0052542D5468726561642058
:102E40007368656C6C20636F6D6D616E64733A0AB4
:102E5000007368727800747368656C6C0025730089
:102E600008200800082573202008002563000800BA
:102E70000A436F6D6D616E6420746F6F206C6F6EAE
:102E8000673B206469736361726465642E0A25730D
:102E9000000A2573001B5B324B0D00257325730060
:102EA0000A003E006D736820000A535443333247D2
:102EB0002055534220434443202F2052542D546820
:102EC00072656164204E616E6F0A54797065206886
:102ED000656C7020666F7220636F6D6D616E6473D8
:102EE0002E0A00757362636F757400736D616C6C8C
:102EF000006D656D20696E69742C206572726F7249
:102F000020626567696E2061646472657373203046
:102F10007825782C20616E6420656E64206164647D
:102F20007265737320307825780A007761726E6954
:102F30006E673A20257320737461636B2069732078
:102F4000636C6F736520746F2074686520746F7094
:102F5000206F6620737461636B20616464726573B3
:102F6000732E0A006C6364006B65790073616D7089
:102F70006C6500626561747100636F756E747300D7
:102F800075690062656174007469646C652575001B
:062F900074696D6572001A
:0200000400FFFB
:1000000002584CC2AF7AB30D4580FE023F9FCA3BF7
:100010007F302EF8000C9F11793FFFFF792FFFFDF5
:10002000793FFFFB792FFFF90A3B127B46793FFFAF
:10003000F7792FFFF5BE380000680C693FFFF769BC
:100040002FFFF54D2378049F118079128135691FA8
:10005000FFF7690FFFF56930000469200002804155
:10006000691FFFFB690FFFF99E14000A791FFFFF4C
:10007000790FFFFD7E340008CA397F1312736C1BA1
:10008000FD4D23780D1273A4693FFFFF692FFFFD1B
:100090008032691FFFFB690FFFF9693000020B0A0C
:1000A00020793FFFFB792FFFF9691FFFF7690FFFE9
:1000B000F50B15693FFFFB692FFFF9BF1078A112FF
:1000C00073A49F119EF8000CDA3B22023FC4CA3B86
:1000D000CA397F302EF8001C791FFFF7790FFFF522
:1000E000693FFFE32D317D20793FFFF3790FFFF169
:1000F000BF1040030208D37E18FFFF793FFFF3795A
:100100002FFFF17E08FFFF9D37793FFFE30208D301
:10011000693FFFDB692FFFD97E1B30BE3025681D8C
:10012000695FFFF3694FFFF1693FFFF7692FFFF543
:10013000BF1240030206D47A1B300206D4E4805C6E
:10014000693FFFDB692FFFD90B34793FFFDB792F44
:10015000FFD9693FFFDB692FFFD97E1BA0BEA02D11
:10016000780829BFFFEA44108032BEA02B78082906
:10017000BFFFEA44048025BEA020780829BFFFEA1B
:1001800044088018BEA023780829BFFFEA442080D5
:100190000BBEA030780C29BFFFEA440139BFFFEA4B
:1001A000809E7E34FFFF793FFFE71A3A9E3400308D
:1001B000BE34000A500F7F0F2E14FFD9126FA97999
:1001C0003FFFE7805F693FFFDB692FFFD97E1BB0F0
:1001D000B42A51693FFFDB692FFFD90B34793FFF08
:1001E000DB792FFFD9693FFFD7692FFFD51B357901
:1001F0003FFFD7792FFFD5693FFFD7692FFFD50B79
:100200001A30793FFFE7BE3400005818693FFFE716
:100210006E34FFFF0B34793FFFE729BFFFEA44103C
:1002200039BFFFEA7E34FFFF793FFFE5693FFFDB1F
:10023000692FFFD97E1BB0B42E0280030202BC0BD3
:1002400034793FFFDB792FFFD9693FFFDB692FFF4F
:10025000D97E1B701A379E340030BE34000A500B12
:100260007F0F2E14FFD9126FA9803D693FFFDB6914
:100270002FFFD97E1BB0B42A33693FFFDB692FFF04
:10028000D90B34793FFFDB792FFFD9693FFFD7695D
:100290002FFFD51B35793FFFD7792FFFD5693FFF5A
:1002A000D7692FFFD50B1A30793FFFE5693FFFE58E
:1002B000BE34000058066D33793FFFE5E439BFFFD7
:1002C000E9693FFFDB692FFFD97E1B70BE7068684C
:1002D00004A5BF6C16397FFFE9693FFFDB692FFF7B
:1002E000D90B34793FFFDB792FFFD9740A39BFFF6F
:1002F000EB693FFFDB692FFFD97E1BB024DBBEB06B
:100300005440030207117EA003A490030E7302065B
:10031000BB020711020711020711020711020711A0
:100320000207110207110207110207110207110249
:100330000711020711020711020711020711020734
:10034000110207110207110207110207110207111A
:100350000207110207110207110207110207110219
:100360000711020711020711020711020711020704
:1003700011020711020711020711020711020711EA
:1003800002071102071102071102071102071102E9
:1003900007110207110207110207110207110207D4
:1003A000110207110207110206F2020711020711DA
:1003B00002071102071102071102071102071102B9
:1003C000071102071102071102040A0207050207BA
:1003D0001102071102071102071102070502071196
:1003E0000207110207110207110207110206E902B2
:1003F00006400207110207110204CF02071102078B
:100400008C0207110207110206FC297FFFEA0A3756
:100410005E340010783D802B691FFFF3690FFFF1F8
:10042000693FFFF7692FFFF5BF10500574207A1B55
:10043000B0693FFFF7692FFFF50B34793FFFF7797C
:100440002FFFF5693FFFE71B34793FFFE7BE34001C
:100450000018C5693FFFD7692FFFD51B35793FFFCE
:10046000D7792FFFD5693FFFD7692FFFD50B1A30FA
:10047000397FFFF0693FFFF3692FFFF1691FFFF735
:10048000690FFFF5BF015022297FFFF07A0B7080C2
:1004900019691FFFF3690FFFF1693FFFF7692FFF2C
:1004A000F5BF10500574207A1BB0693FFFF7692F24
:1004B000FFF50B34793FFFF7792FFFF5693FFFE731
:1004C0001B34793FFFE7BE34000018C50208C1693C
:1004D0003FFFD7692FFFD51B36793FFFD7792FFF15
:1004E000D5691FFFD7690FFFD5693000020B0A20BD
:1004F000793FFFEE792FFFEC4D2378107E342B5B94
:100500007E2400FE793FFFEE792FFFEC6D33793FBB
:10051000FFF9800A693FFFF90B34793FFFF9693F22
:10052000FFE7692FFFF9BD23680F691FFFEE690F11
:10053000FFEC2D127E0BB070DB693FFFE5BE34008F
:10054000000808BD230804793FFFF9297FFFEA0A64
:10055000375E3400107841802B691FFFF3690FFF6D
:10056000F1693FFFF7692FFFF5BF10500574207A3E
:100570001BB0693FFFF7692FFFF50B34793FFFF799
:10058000792FFFF5692FFFE77D321B34793FFFE7B5
:10059000693FFFF9BD3248C16D33793FFFFB8050A1
:1005A000693FFFF3692FFFF1691FFFF7690FFFF53F
:1005B000BF01500E693FFFEE692FFFEC7E1B707A82
:1005C0000B70693FFFF7692FFFF50B34793FFFF799
:1005D000792FFFF5693FFFEE692FFFEC0B34793F70
:1005E000FFEE792FFFEC693FFFFB0B34793FFFFBF8
:1005F000692FFFF9693FFFFBBD3248A4802B691FBB
:10060000FFF3690FFFF1693FFFF7692FFFF5BF1097
:10061000500574207A1BB0693FFFF7692FFFF50B77
:1006200034793FFFF7792FFFF5692FFFE77D321B04
:1006300034793FFFE7693FFFF9BD3248C10208C185
:10064000693FFFE7BE34FFFF78127E340008793F30
:10065000FFE729BFFFEA440139BFFFEA297FFFEA2C
:100660000A37CA39693FFFE3CA39693FFFE3CA392C
:100670007E340010CA39693FFFCF692FFFCD1B368A
:10068000793FFFCF792FFFCD691FFFCF690FFFCDD6
:10069000693000020B0A20CA1B693FFFE7692FFF80
:1006A000E5691FFFEB690FFFE912184A9EF8000C7D
:1006B000793FFFF7792FFFF50208C1691FFFF36942
:1006C0000FFFF1693FFFF7692FFFF5BF1050057469
:1006D000257A1BB0693FFFF7692FFFF50B34793F8F
:1006E000FFF7792FFFF50208C1740839BFFFEB024D
:1006F000078C29BFFFEA444039BFFFEA741039BFB5
:10070000FFEB02078C29BFFFEA440239BFFFEA80F2
:100710007B691FFFF3690FFFF1693FFFF7692FFF47
:10072000F5BF10500574257A1BB0693FFFF7692F9C
:10073000FFF50B34793FFFF7792FFFF5693FFFDBBA
:10074000692FFFD97E1B304C33682C695FFFF3693A
:100750004FFFF1693FFFF7692FFFF5BF1250037A92
:100760001B30693FFFF7692FFFF50B34793FFFF727
:10077000792FFFF50208C1693FFFDB692FFFD91B05
:1007800034793FFFDB792FFFD90208C129BFFFE988
:10079000B46C4B693FFFD7692FFFD51B36793FFFFC
:1007A000D7792FFFD5691FFFD7690FFFD5693000B3
:1007B000020B0A20793FFFFF792FFFFD29AFFFEAE7
:1007C0000A3A5E340002780302087C693FFFFF6941
:1007D0002FFFFD793FFFFF792FFFFD02087CB468F2
:1007E00045693FFFD7692FFFD51B35793FFFD77983
:1007F0002FFFD5693FFFD7692FFFD50B1A306D2228
:10080000793FFFFF792FFFFD297FFFEA0A375E342A
:1008100000026868693FFFFF1A261A24793FFFFF2C
:10082000792FFFFD8056297FFFEA0A375E340002E8
:100830006823693FFFD7692FFFD51B35793FFFD765
:10084000792FFFD5693FFFD7692FFFD50B1A301AD3
:10085000261A24801F693FFFD7692FFFD51B3579E2
:100860003FFFD7792FFFD5693FFFD7692FFFD50B02
:100870001A306D22793FFFFF792FFFFD297FFFEAB4
:100880000A37CA39693FFFE3CA39693FFFE3CA390A
:10089000297FFFE50A37CA39693FFFF7692FFFF55E
:1008A000CA1B693FFFE7692FFFE5691FFFEB690F6F
:1008B000FFE912184A9EF8000C793FFFF7792FFFE5
:1008C000F5693FFFDB692FFFD90B34793FFFDB79F7
:1008D0002FFFD9693FFFDB692FFFD97E1BB0600373
:1008E000020110693FFFE3BE3400002820693FFF8A
:1008F000F3692FFFF1691FFFF7690FFFF5BF015083
:1009000006E47A0BB08006E41B347A1BB0691FFF43
:10091000F77D319D379EF8001EDA3B220BFE6D7786
:100920007E1F04312E3400207E1BB044017A1BB0A0
:10093000125CD27F0112663112827B7D63BE64003D
:100940000048F5BE64000378406D336D777E080083
:1009500041CA0B7E0F04312E1400A51279CA1BFE6A
:100960006D337E0F0431793000E67E0F043179302B
:1009700000E87E0F04317930001E125CD2CA1B7E63
:10098000142E917E0400FE80464D77684ABE6400B6
:100990000D6806BE64000A789F6D336D777E08008F
:1009A00041CA0B7E0F04312E1400A51279CA1BFE1A
:1009B0006D337E0F0431793000E67E0F04317930DB
:1009C00000E8125CD2CA1B7E142E707E0400FE1258
:1009D00066311BFE020938BE64001B780F7E3400AE
:1009E000017E0F04317930001E0209387E0F043178
:1009F0006930001EBE340001781ABE64005B780BBB
:100A00007E2400027920001E0209386D2279200020
:100A10001E020B45BE3400026803020B456D33799C
:100A200030001EBE64004178267E0F04316930001C
:100A300021BE340000280D7F202E5400211B341BC2
:100A40002A30803D6D33793000210209388032BE72
:100A5000640042787C7E0F0431692000237D321BC4
:100A60003469500021BD53500D7F702EF400210BCE
:100A7000541B7A50800B4D227803020938793000DC
:100A8000217E180040CA1B7E0F0431693000213ED0
:100A9000343E343E343E343E343E342D317D202EBF
:100AA0003400252E1400A5125EE01BFE7E0F0431DB
:100AB0002E1400A51280677E0F0431793000E67E87
:100AC0000F0431793000E87E0F04311276AA020952
:100AD00038BE64004478297E1F0431693100E84D36
:100AE0003378030209387E142E6E7E0400FE1266EF
:100AF000317E0F04312E1400E80B0A301B34803F86
:100B0000BE640043783F7E0F0431692000E66930FF
:100B100000E8BD3240030209382D317D20297100E3
:100B2000A51A37CA397E142E6B7E0400FE12663178
:100B30001BFD7E0F04312E1400E80B0A300B341B12
:100B40000A300209384D667803020938BE6400FF96
:100B50007803020938BE64000978466D3380117E3F
:100B6000142E6E7E0400FE126631693FFFFF0B34C7
:100B7000793FFFFF7E0F0431692000E8693FFFFFE6
:100B8000BD3240DB2E1400A512781F7E0F04312EDB
:100B90001400A51280677E0F0431793000E6020C44
:100BA000E0BE64007F6809BE6400086803020C812F
:100BB0007E0F0431693000E84D3378030209382E86
:100BC0001400E60B0A301B341B0A307E0F04312E52
:100BD0001400E80B0A301B341B0A307E0F04316905
:100BE0003000E8692000E6BD2328779D23CA292D1F
:100BF000137F102E3400A62E1400A5125D3F1BFD9E
:100C0000E47E0F0431693000E62D317D2039B100DA
:100C1000A57E0F0431693000E82D317D202E34008F
:100C2000A5CA1B7E142E647E0400FE1266311BFED4
:100C30007E1F0431693100E880117E142E6E7E041F
:100C400000FE126631693FFFFD0B34793FFFFD7EE8
:100C50001F0431692100E6693FFFFDBD3228DB0238
:100C600009387E142E607E0400FE126631E47E0F89
:100C70000431693000E62D317D2039B100A502092B
:100C800038BE64000D6806BE64000A785E7E0F04FC
:100C90003112345F7E1F043129B1002030E00B7E19
:100CA000142EA07E0400FE1266317E0F04316930DE
:100CB00000E62E1400A5125C64125CD27F0112665D
:100CC000317E180041CA1B7E0F04312E1400A56D21
:100CD000331279CA1BFE6D337E0F0431793000E682
:100CE0007E0F0431793000E80209387E0F04316943
:100CF0003000E6BE34004040066D33793000E67EB9
:100D00000F0431692000E6693000E8BD32507A9D59
:100D100023CA292D137F102E3400A52E1400A612ED
:100D20005D3F1BFD7E0F0431692000E82D1239D094
:100D300000A57E0F043129B0002030E01B6930008F
:100D4000E82D317D202E3400A5CA1B7E142E5D7E39
:100D50000400FE1266311BFE7E1F0431693100E87B
:100D600080117E142E6E7E0400FE126631693FFFF4
:100D7000FF0B34793FFFFF7E1F0431692100E669D4
:100D80003FFFFFBD3240DB802C7E0F043169200025
:100D9000E67E0F04312D1239D000A57E1F043129C3
:100DA000B1002030E00FCA697E142E6B7E0400FE75
:100DB0001266311BFD7E0F04312E1400E60B0A3043
:100DC0000B341B0A307E0F04312E1400E80B0A305E
:100DD0000B341B0A307E1F0431693100E6BE34003B
:100DE0004050030209387E740001020938CAF87CB9
:100DF000FB7E340841CA397E0401407E1401E06D57
:100E0000336D221252711BFD7E34FFFFCA397E14EE
:100E10002B3E7E0400FE7E24000A7E34000C126B02
:100E2000701BFD4CFF78067E3407FF80047E347B08
:100E3000EFCA397E142B377E0400FE7E2400287E04
:100E4000340018126B701BFDBEF00178067E34076B
:100E5000FF80047E347BEFCA397E142B337E04007E
:100E6000FE7E2400287E3400C0126B701BFDBEF095
:100E70000278067E3407FF80047E347BEFCA397E19
:100E8000142B2F7E0400FE7E2400287E340168127D
:100E90006B701BFD7E3407FFCA397E709CAC7F2EC1
:100EA00034000C7E0400027E1400907E24003E126A
:100EB00052711BFD7E347BEFCA397E142AFF7E04FB
:100EC00000FE7E24012E7E34000C126ADB1BFD6CBA
:100ED000777E0CFFFF7E5004AC572E2409FF7A5119
:100EE000827A4183791E00021BEA000B70A5BF0CB9
:100EF000E04CFF6803020FB37E3407FFCA397E144B
:100F00002ACD7E0400FE7E2400527E340010126A38
:100F1000DB1BFD7E34FFFFCA397E142AC87E040025
:100F2000FE7E2400787E340010126B701BFD7E3430
:100F3000FFFFCA397E142AC37E0400FE7E24007897
:100F40007E340104126B701BFD7E34FFFFCA397EB4
:100F5000142AB97E0400FE7E2400B47E34001012F0
:100F60006B701BFD7E34FFFFCA397E142AAF7E04EE
:100F700000FE7E2400B47E340104126B701BFD7EE3
:100F800034FFFFCA397E142AA37E0400FE7E2400AB
:100F9000F07E340010126B701BFD7E34FFFFCA39E7
:100FA0007E142A9B7E0400FE7E2400F07E34010421
:100FB000021073BEF001680302107A7E3407FFCA84
:100FC000397E142A6B7E0400FE7E24004C7E3400A1
:100FD00010126ADB1BFD7E34FFFFCA397E142A5BC8
:100FE0007E0400FE7E2400667E340010126B701BAF
:100FF000FD7E34FFFFCA397E142A507E0400FE7E37
:101000002400867E340010126B701BFD7E34FFFFBF
:10101000CA397E142A417E0400FE7E2400A67E3456
:101020000010126B701BFD7E34FFFFCA397E142A3C
:10103000337E0400FE7E2400C67E340010126B70E6
:101040001BFD7E34FFFFCA397E142A277E0400FE72
:101050007E2400E67E340010126B701BFD7E34FF90
:10106000FFCA397E142A1D7E0400FE7E2401067EFE
:10107000340010126B701BFD80157E180436CA1BDD
:101080007E140A577E0400016D331279CA1BFEDA02
:10109000F822CA797EF30D6BBEF30D6A68097CBF36
:1010A000120DED7AF30D6ABEF002680302112C6C8A
:1010B000EE7E1409B27E0400017CBE1260137E3401
:1010C000004DCA397E304DAC3E2E140A577E0400C6
:1010D000017E3409B27E24000112754F1BFD4D23A1
:1010E00068407E34FFFFCA397E5010AC5E2E24006B
:1010F0004A7E1409B27E0400017E34000C126ADBC1
:101100001BFD7E18004DCA1B7E304DAC3E2E140ACE
:10111000577E0400017E3409B27E240001125EE095
:101120001BFE0BE0BEE00E788802132F7E140A31FE
:101130007E0400011257CE4CFF68030212597E3420
:1011400009AA7E240001CA1B7E3409A67E24000160
:10115000CA1B7E340A517E2400017E1409AC7E0431
:101160000001125B139EF800087E34FFE0CA3912BA
:10117000809C7F017E2400907E340010E4126E6A11
:101180001BFD7E34FFFFCA39900A51691E00020B15
:10119000EA007E2400907E3401047401126E6A1B02
:1011A000FD7E3407E0CA399009AC691E00020BEAE3
:1011B000007E2400CC7E3400107402126E6A1BFD87
:1011C0007E34FFFFCA399009AA0BEA106D007E2415
:1011D00000CC7E3401047403126E6A1BFD7E34FF62
:1011E000FFCA399009A6691E00020BEA007E24019D
:1011F000087E3400107404126E6A1BFD900A4D695B
:101200003E00020BEA20900A13691E00020BEA005E
:10121000BF01780302132F900A13793E00021BEAE4
:1012200020BE18000068067E1407E080047E14FFCC
:10123000E0CA194D23680A7E142A147E0400FE8039
:10124000087E142A0B7E0400FE7E2401087E3401F1
:1012500004126B701BFD02132F7E340A557E24008E
:1012600001CA1B7E340A2F7E2400017E1409B07E41
:10127000040001126FE71BFE7E34FFE0CA39900ABA
:1012800031691E00020BEA007E2400667E34012CC8
:10129000E4126E6A1BFD7E3407E0CA39900A356994
:1012A0001E00020BEA007E2400867E34012C7401AD
:1012B000126E6A1BFD7E3407E0CA39900A39691E36
:1012C00000020BEA007E2400A67E34012C74021278
:1012D0006E6A1BFD7E34F800CA39900A3D691E0013
:1012E000020BEA007E2400C67E34012C7403126EC9
:1012F0006A1BFD7E34FFFFCA39900A41691E000255
:101300000BEA007E2400E67E34012C7404126E6A1F
:101310001BFD7E34FFFFCA39900A2F0BEA106D00C7
:101320007E2401067E34012C7405126E6A1BFDDAE0
:101330007922CA3BCA1B7F302EF800106923001E99
:10134000693FFFE5BD3228077E1CFFFF0215BD9FE8
:1013500011793FFFF7792FFFF512829F793FFFF355
:10136000792FFFF1128203793FFFFF792FFFFD698B
:1013700033002E6923002C793FFFFB792FFFF96999
:101380003FFFFB692FFFF94D2368030214A3693F58
:10139000FFE3692FFFE14D2368030214A3021577D1
:1013A0000214A39F11691FFFF3690FFFF179300049
:1013B000307920002E693FFFE3692FFFE14D23784C
:1013C0000302157729B30009693FFFF3692FFFF185
:1013D0007F032E14003012486A693FFFE3692FFF34
:1013E000E1BE180000083512809C793FFFF7792F85
:1013F000FFF57F1F2E34FFE1CA1B691FFFEF690F46
:10140000FFED2E1400456D33124EF21BFE691FFFD7
:10141000F3690FFFF12E140045121CF0693FFFFF26
:10142000692FFFFD1281EB123598691FFFF3690FD9
:10143000FFF1693000306920002EBE1800006803FB
:101440000215BD128203793FFFFF792FFFFD693F2F
:10145000FFE3692FFFE1BE180000084712809C6976
:101460001FFFF7690FFFF59F10793FFFF7792FFFF7
:10147000F5691FFFF7690FFFF5693FFFE3692FFF6C
:10148000E19F10793FFFE3792FFFE1693FFFE369B7
:101490002FFFE1BE180000580A9F11793FFFE37942
:1014A0002FFFE16933002E6923002C793FFFFB7980
:1014B0002FFFF94D2378030213A3691FFFFB690F68
:1014C000FFF9693000020B0A207933002E792300DE
:1014D0002C693FFFFF692FFFFD1281EB9F00693FE1
:1014E000FFFB692FFFF9791100021B1A00693FFF0A
:1014F000E56D22CA1B693FFFEB692FFFE9691FFFFA
:10150000F7690FFFF50B16125EE01BFE12820379DE
:101510003FFFFF792FFFFD6913002A69030028BEF2
:10152000080000680F693FFFFB692FFFF979300061
:10153000021B0A20693FFFFB692FFFF97933002A5C
:101540007923002869330026692300244D2378106D
:10155000693FFFFB692FFFF97933002679230024C7
:1015600069330022BE34FFFF500D7F032E1400228A
:101570000B341B0A308011693FFFFF692FFFFD12FA
:1015800081EB7E1CFFFD80357F032E140012127F3D
:10159000A14D33781B7F032E140012127FF5693F93
:1015A000FFFF692FFFFD1281EB1235989F11800D0F
:1015B000693FFFFF692FFFFD1281EB9F119EF8002D
:1015C00014DA3B22CA3BCA1B7F302EF800109F1151
:1015D000793FFFF3792FFFF112829F793FFFFF7967
:1015E0002FFFFD128203793FFFFB792FFFF969334B
:1015F00000224D33680302173B693FFFE3692FFF69
:10160000E14D23680302173B693FFFFB692FFFF998
:101610001281EB804002173B9F11691FFFFF690F8A
:10162000FFFD793000307920002E693FFFE3692FFC
:10163000FFE14D237826693FFFFB692FFFF91281F7
:10164000EB7E1CFFFE691FFFFF690FFFFD79300075
:10165000307920002E7E1CFFFE02184329B30009BA
:10166000693FFFFF692FFFFD7F032E140012124810
:101670006A693FFFE3692FFFE1BE180000083512D9
:10168000809C793FFFF3792FFFF17F1F2E34FFE11C
:10169000CA1B691FFFFB690FFFF92E1400456D334C
:1016A000124EF21BFE691FFFFF690FFFFD2E140093
:1016B00045121CF0693FFFFB692FFFF91281EB1205
:1016C0003598691FFFFF690FFFFD69300030692001
:1016D000002EBE1800006803021843128203793FEF
:1016E000FFFB792FFFF9693FFFE3692FFFE1BE1888
:1016F0000000084712809C691FFFF3690FFFF19FEC
:1017000010793FFFF3792FFFF1691FFFF3690FFF96
:10171000F1693FFFE3692FFFE19F10793FFFE37914
:101720002FFFE1693FFFE3692FFFE1BE180000587A
:101730000A9F11793FFFE3792FFFE1693300224DC2
:101740003378030216186933002669230024793F91
:10175000FFF7792FFFF5691FFFF7690FFFF5693074
:1017600000020B0A20793300267923002469130034
:101770002A69030028693FFFF7692FFFF5BF017849
:101780000A9F117933002A7923002869330022BE89
:10179000340000280B7F032E1400221B341B0A3058
:1017A000693FFFFB692FFFF91281EB6923001E6976
:1017B0003FFFE5BD3228066933001E8004693FFF04
:1017C000E56D22CA1B693FFFF3692FFFF10B3669F4
:1017D0001FFFEB690FFFE9125EE01BFE1282037927
:1017E0003FFFFB792FFFF96913002E6903002C6975
:1017F0003FFFF7692FFFF5791100021B1A00693FBF
:10180000FFF7692FFFF57933002E7923002C7F0332
:101810002E140030127FA14D33781B7F032E14004D
:1018200030127FF5693FFFFB692FFFF91281EB1240
:1018300035989F11800D693FFFFB692FFFF91281D9
:10184000EB9F119EF80014DA3B22CA3BCA1B7F3083
:101850002EF8001C693FFFD1793FFFED693FFFD3B0
:10186000793FFFE5693FFFCF7D235E240040680A92
:101870007E142C757E0400FE80087E142C647E0489
:1018800000FE791FFFEB790FFFE97D235E24001036
:1018900068075E70FE793FFFCF693FFFCF7D235E13
:1018A00024000168057E503080037E50207AFB5072
:1018B000E439BFFFFF7D235E2400026840691FFFFB
:1018C000D9690FFFD7BE080000581A742D39BFFF21
:1018D000FF6E14FFFF6E04FFFF0B0C791FFFD97919
:1018E0000FFFD780187D235E2400046804742B80CA
:1018F000085E3400086806742039BFFFFF6D337935
:101900003FFFE7693FFFD9692FFFD74D23784A741E
:10191000307E340001793FFFE77F1F2E34FFEF7ADE
:101920001BB0804180337F0F2E14FFD7693FFFD556
:101930001269AE7D13693FFFEB692FFFE92D317E00
:101940001B30690FFFE77D300B34793FFFE77F1FC6
:101950002E34FFEF2D307A1B30693FFFD9692FFFFE
:10196000D74D2378C1692FFFD1693FFFE7BD32080A
:1019700004793FFFD1692FFFD1693FFFE59D32799F
:101980003FFFE5693FFFCF5E340011783D29BFFF7F
:10199000FF6025693FFFE5BE340000081B1B34795A
:1019A0003FFFE58013693FFFE3692FFFE1BF31503F
:1019B0000574207A3BB00B74693FFFE57D231B243F
:1019C000792FFFE5BE34000018DB297FFFFF4C773D
:1019D000681B691FFFE3690FFFE1BF3050037A3BCB
:1019E00070693FFFE51B34793FFFE50B74693FFFEA
:1019F000CF5E340010783D8014693FFFE3692FFF0C
:101A0000E1BF3150067EFB707A3B700B74693FFF7B
:101A1000E57D231B24792FFFE5BE34000018DA8012
:101A200013693FFFE3692FFFE1BF31500574307A3E
:101A30003BB00B74692FFFD17D321B34793FFFD14E
:101A4000693FFFE7BD3248D98020693FFFE3692F36
:101A5000FFE1BF315012691FFFE77F1F2E34FFEFF8
:101A60002D317E1B707A3B700B74693FFFE77D233D
:101A70001B24792FFFE7BE340000081D693FFFEDEE
:101A80004D3378C68013693FFFE3692FFFE1BF3113
:101A9000500574207A3BB00B74693FFFE57D231B32
:101AA00024792FFFE5BE34000018DB7F139EF80079
:101AB00020DA3B22CA3BCAB87F31CA0B2EF8000C91
:101AC000BE38000078077E1CFFFF021CE97E1CFF69
:101AD000FF793FFFF7792FFFF512829F7F01793F52
:101AE000FFFF792FFFFD9F11793000307920002E04
:101AF000128203793FFFFB792FFFF929BFFFF030F6
:101B0000E01A691FFFF3690FFFF16930001C6920BB
:101B1000001A5D375D26BF137827801B30E12269EC
:101B20001FFFF3690FFFF16930001C6920001A5D87
:101B3000375D264D23680A9F11793FFFF7792FFF04
:101B4000F5693FFFF7692FFFF54D236803021BDBA3
:101B5000691FFFE4690FFFE2BE080000681B695FB0
:101B6000FFF3694FFFF16932001C6922001A5D37EB
:101B70005D26793000021B0A20691FFFF3690FFF01
:101B8000F16930001C6920001A5D375D26691FFF6E
:101B9000FF690FFFFD7930003A79200038297FFF77
:101BA000F0691FFFFF690FFFFD3970003C29BFFF7F
:101BB000F020E203021CCE7F236E54FFFF6E44FF31
:101BC000FF691FFFF3690FFFF12E14001A6930003F
:101BD000020B0A205D355D24021CC7693FFFE869DE
:101BE0002FFFE64D2378267E1CFFFE691FFFFF694D
:101BF0000FFFFD793000307920002E693FFFFB692F
:101C00002FFFF91281EB7E1CFFFE021CE9693FFFEA
:101C1000FF692FFFFD7971003A79610038297FFF54
:101C2000F0691FFFFF690FFFFD3970003C691FFF5E
:101C3000F3690FFFF129B00009693FFFFF692FFF2A
:101C4000FD2E14001212486A693FFFE8692FFFE673
:101C5000BE180000082A7F1F2E34FFE6CA1B691F2A
:101C6000FFFB690FFFF92E1400456D33124EF21B76
:101C7000FE691FFFFF690FFFFD2E140045121CF0C7
:101C8000693FFFFB692FFFF91281EB123598697FDD
:101C9000FFFF696FFFFD693300306923002EBE1816
:101CA000000068028043128203793FFFFB792FFF17
:101CB000F9691FFFE4690FFFE2BE080000680F69C1
:101CC00033003A69230038793000021B0A20693F4B
:101CD000FFFB692FFFF91281EB691FFFFF690FFFFF
:101CE000FD693000306920002E9EF80011DA3B2299
:101CF000CA3B7F302EF800126D33793FFFF5128218
:101D000003793FFFF9792FFFF77F031274127F13D6
:101D10002E3400097E1BB054FE7A1BB012809C69E1
:101D2000130022690300202F107933002679230045
:101D30002429B3000930E20A7E3417BD7E24000155
:101D400080047E180944793FFFFD792FFFFB693F2E
:101D5000FFFD692FFFFB793FFFF3792FFFF16D3313
:101D6000793FFFFF807769CFFFFF7DDC3ED43ED413
:101D70007F1F2E34FFF12D3D691100020B1A0069FF
:101D80003000020B0A203EC43EC43EC47E0800124E
:101D90002D1C7DC17F019D1C6953002669430024D1
:101DA00069F0002669E000249F72680C7E54FFFFF2
:101DB0007E447FFFBF72405D7F7F2EF4FFF12DFDDB
:101DC000695700020B7A4069F200020B2AE07F2F6C
:101DD0002E54FFF12D5D79F200021B2AE0695FFFAE
:101DE000FF7D453E443E443E4469DFFFFD69CFFF31
:101DF000FB2DD469F6000669E600043E543E547F8C
:101E00006F2ED4FFF12DD5695600020B6A40BF2713
:101E10006803021D66695FFFFF4D5568263E543E0C
:101E2000547F1F2E34FFF12D35691100020B1A006B
:101E30002E1400087F1F2E34FFF52D357911000276
:101E40001B1A00693FFFFF0B34793FFFFF7E370A03
:101E5000CD0B347A370ACD793FFFEF7F132E340054
:101E600012691FFFF3690FFFF11276497E340002F9
:101E7000804C693FFFEF5E3400037850692FFFFF0D
:101E80007E3400019D327D233E243E247F2F2E543C
:101E9000FFF12D52691200020B2A003E343E343EFF
:101EA000342D377D262E340012127649693FFFEF1C
:101EB0001E341E34793FFFEF693FFFFF0B34793F3B
:101EC000FFFF693FFFFFBE34000128A67F132E34B9
:101ED00000097E1BB044017A1BB029B3000930E22F
:101EE000237EB3094CB4011C9017F7E05407B402E9
:101EF000137E1417C57E040001126A907E3400011F
:101F0000793FFFF5693FFFF9692FFFF71281EB6910
:101F10003FFFF54D3368031235989F119EF800126C
:101F2000DA3B22CA3B7D732EF80008791FFFFF7948
:101F30000FFFFD6D336D66793FFFFB0220FF8020B0
:101F4000E4693FFFFF692FFFFD7A1BB0693FFFFF88
:101F5000692FFFFD0B34793FFFFF792FFFFD0B64E5
:101F6000693FFFFF692FFFFD7E1BB0BEB0206803F5
:101F7000B40904BD6740C9693FFFFBBE3400084097
:101F80005B7E142E0A7E0400FE1266316D33802EB5
:101F9000693FFFF93E343E34691FFFF1690FFFEFDF
:101FA0002D13693000020B0A20CA1B7E142E067EF8
:101FB0000400FE1266311BFE693FFFF90B34793FC6
:101FC000FFF9692FFFFB693FFFF9BD3240C27E1464
:101FD0002E287E0400FE126631022106BD674003F2
:101FE000022106693FFFFF692FFFFD7E1BB0B4226F
:101FF0000280030220A1693FFFFF692FFFFD0B3420
:10200000793FFFFF792FFFFD0B64691FFFFF690F09
:10201000FFFD695FFFFB3E543E54693FFFF1692FAE
:10202000FFEF2D35791100021B1A00693FFFFB0BF2
:1020300034793FFFFB8035693FFFFF692FFFFD7E4D
:102040001BB0B45C1329B10001B4220C0B34793FEE
:10205000FFFF792FFFFD0B64693FFFFF692FFFFD35
:102060000B34793FFFFF792FFFFD0B64693FFFFFC2
:10207000692FFFFD7E1BB0BEB0226804BD6740B76C
:10208000BD674003022106E47A1BB0693FFFFF6988
:102090002FFFFD0B34793FFFFF792FFFFD0B64808D
:1020A0005E691FFFFF690FFFFD695FFFFB3E543E46
:1020B00054693FFFF1692FFFEF2D35791100021BA5
:1020C0001A00693FFFFB0B34793FFFFB8014693F27
:1020D000FFFF692FFFFD0B34793FFFFF792FFFFDD5
:1020E0000B64693FFFFF692FFFFD7E1BB0BEB02070
:1020F0006809BEB0096804BD6740D3BD675007BD1D
:10210000675003021F60693FFFFB9EF80008DA3B3F
:1021100022CA3B7F217F302EF8000C7F610B6C5E62
:10212000D4FFFE79DFFFFF79CFFFFD2E68002E7F01
:10213000060B0C5E30FE791FFFFB790FFFF9691F5C
:10214000FFED6D002F2054FEBE28001028227F7264
:102150009E780010BF76401869FFFFFB69EFFFF91A
:102160009F279E280010795FFFF7794FFFF5801AAF
:102170002F01CA0BCA1B7E142EF17E0400FE1266CC
:10218000319EF800089F110222E37E18002ECA1B20
:10219000691FFFFB690FFFF96D331279CA1BFECA75
:1021A0003B691FFFFB690FFFF97E34000C125024BE
:1021B0001BFE7E342EEB7E2400FE691FFFFF690F9D
:1021C000FFFD7930001479200012693FFFFB692F71
:1021D000FFF9691FFFFF690FFFFD793000187920B3
:1021E0000016693FFFF7691FFFFF690FFFFD793098
:1021F000001A693FFFF7691FFFFF690FFFFD793084
:10220000002C693FFFFB692FFFF9691FFFFF690F72
:10221000FFFD7930002279200020691FFFFF690F40
:10222000FFFD69300022692000205E30FE79110038
:10223000021B1A00691FFFFF690FFFFD6910002CC8
:102240002E140008791100046D11791100066951EE
:102250000004691FFFFF690FFFFD6930002269203C
:1022600000202D357930002679200024695FFFFF9A
:10227000694FFFFD7F025E30FE4E3001693200265D
:1022800069220024791100021B1A40695FFFFF696F
:102290004FFFFD6932002C2E3400086912002669B8
:1022A00002002479300004695FFFFF694FFFFD6978
:1022B00032002C2E340008691200266902002479AD
:1022C000300006691FFFFF690FFFFD6930002269BA
:1022D0002000207930002A79200028693FFFFF691B
:1022E0002FFFFD9EF8000CDA3B22CA3BCA1B7F3051
:1022F0002EF80012693FFFED692FFFEB4D237807A1
:102300007E1CFFFF0224A46D33793FFFEF1282038E
:10231000793FFFF7792FFFF5695FFFED694FFFEB1D
:102320007F032E14001A693000020B0A204D354D30
:1023300024793000021B0A207F032E140012127F22
:10234000A14D33680302248A693300146923001203
:10235000793FFFFF792FFFFD022475693FFFFF6979
:102360002FFFFD9E340012793FFFFB792FFFF97E8E
:102370000CFFFF791FFFF3790FFFF129B1003C300B
:10238000E0226933001C6923001A695FFFFB694F73
:10239000FFF96912003A690200385D315D20BF1013
:1023A00078648044693FFFFB692FFFF929B1003C45
:1023B00030E1416933001C6923001A695FFFFB6942
:1023C0004FFFF96912003A690200385D135D02BEE1
:1023D0000800006831693FFFFB692FFFF92E3400C8
:1023E00038791100021B1A009F11793FFFF3792FF2
:1023F000FFF18012693FFFF7692FFFF51281EB7E35
:102400001CFFF60224A4691FFFFF690FFFFD69305E
:1024100000020B0A20793FFFFF792FFFFD693FFF84
:10242000F3692FFFF14D23784C691FFFFB690FFF04
:10243000F929B0003C30E22A6930003A69200038BE
:102440007F216E54FFFF6E44FFFF7F032E14001A9E
:10245000693000020B0A205D355D24793000021BD3
:102460000A20691FFFFB690FFFF9126A907E340092
:1024700001793FFFEF7F032E140012693FFFFF69D0
:102480002FFFFDBF10680302235B693FFFF7692F31
:10249000FFF51281EB693FFFEFBE340001780312B4
:1024A00035989F119EF80016DA3B22CAD8CA797C6B
:1024B000EB7EA30D5CBEA0017812BEE05B780474D5
:1024C000028001E47AB30D5C6D33802DBEA00268FA
:1024D000030225CCBEE0304027BEE03938227E27FB
:1024E0000D58BE2403E8400302265B7E34000AAD8B
:1024F000320A2E2D329E3400307A370D5802265B78
:10250000BEE03B780302265BBEE04A78107E370DC2
:1025100058BE3400027806127BCF0225C9BEE048BF
:102520006805BEE066780CE47AB30D577AB30D5BAC
:102530000225C9BEE04B782C7ED30D577EF020805B
:102540001C127E6E7C7B744CAC7B0A2D2D322E349B
:102550000E8D7A71827A61837AEBF00BD0BED04C0B
:1025600040DF8065BEE04478287E730D570A17BEB1
:10257000170D5838046C77804C7E070D584D006855
:10258000067E270D5880047E2400017D319D328017
:1025900034BEE04378337E370D584D3368067E27CE
:1025A0000D5880047E2400017E730D570A372D32AA
:1025B0007A370D587E270D58BE24004C40057E709A
:1025C0004B80027C757A730D57E48007BEE01B7860
:1025D0000974017AB30D5C02265BBEE00D7803E45A
:1025E0008016BEE00A780512751C806FBEE0087880
:1025F0000D7EB30D576064147AB30D57805DBEE055
:1026000009781374201224AB7E730D570A375E3499
:10261000000378EF8045BEE0204040BEE07F683B8D
:102620007EB30D57B44C0312751CBEE07E38047C9B
:10263000FE80037EF03F127E6E7C7B744CAC7B7E12
:10264000A30D577CBA047AB30D570A2A2D322E34C3
:102650000E8D7A71827A61837AEBF0DA79DAD82298
:10266000CA3BCA1B7F302EF8000812829F793FFFB9
:10267000FB792FFFF9128203793FFFFF792FFFFDCE
:102680009F11691FFFFB690FFFF979300030792036
:10269000002E691300206903001E693FFFFB692FAC
:1026A000FFF9BF01780D29B3001DBEB0FF504F8068
:1026B00040804B6933001ABE34000028537F032E3C
:1026C00014001A1B341B0A30693FFFFB692FFFF906
:1026D000793300207923001E693FFFFB692FFFF942
:1026E000297100333973001C29B3001DBEB0FF509F
:1026F0000D7F132E34001D047A1BB00227FB693FA7
:10270000FFFF692FFFFD1281EB7E1CFFFD022808F1
:10271000693FFFF7692FFFF54D2378267E1CFFFEEA
:10272000691FFFFB690FFFF9793000307920002E17
:10273000693FFFFF692FFFFD1281EB7E1CFFFE0248
:102740002808693300206923001E29610033691FAE
:10275000FFFB690FFFF929700033BC76501F693FFA
:10276000FFFB692FFFF92E340033CA1B69130020C9
:102770006903001E7E3400021241611BFE29B30072
:1027800009693FFFFB692FFFF97F032E1400121226
:10279000486A693FFFF7692FFFF5BE180000082A55
:1027A0007F1F2E34FFF5CA1B691FFFF7690FFFF566
:1027B0002E1400456D33124EF21BFE691FFFFB699C
:1027C0000FFFF92E140045121CF0693FFFFF692F1F
:1027D000FFFD1281EB123598691FFFFB690FFFF9AE
:1027E000693000306920002EBE1800006802801891
:1027F000128203793FFFFF792FFFFD693FFFFF69D9
:102800002FFFFD1281EB9F119EF8000CDA3B22CACC
:102810003B2EF8000A6D33793FFFF77E340001123A
:102820007B46793FFFFF792FFFFD128135693FFF1E
:10283000FF692FFFFD69710004696100020228F33E
:102840007F139E34000A793FFFFB796FFFF97E0802
:102850000008CA0B690FFFF37E140011AD102E148F
:1028600017357E040001125EE01BFEE4692FFFF7BE
:102870007E340011AD327D232E24173D7A51827AA9
:102880004183F0691FFFFB690FFFF9295000330AEC
:10289000557D232E24173E7A51827A41831BEA50BC
:1028A00029B0003254077D232E2417407A51827AB2
:1028B00041831BEA506950002C2E3417447A7182F0
:1028C0007A61831BEA501272FB7D13693FFFF77E2A
:1028D000540011AD537D252E2417427A51827A413E
:1028E000831BEA100B34793FFFF7693300020B3A80
:1028F000207F31693FFFFF692FFFFD0B35BF316836
:102900000D693FFFF7BE34000850030228401273E0
:10291000A47E1424F27E0400FE1266316D77806579
:102920007E340011AD377D232E2417447A51827AEC
:1029300041830BEA20CA297D232E2417427A518233
:102940007A41830BEA20CA297D232E2417407A512D
:10295000827A41830BEA20CA297D232E24173E7AEE
:1029600051827A41830BEA20CA292E3417357E24FE
:102970000001CA1B7E1424D97E0400FE1266319E1B
:10298000F8000C0B74693FFFF7BD7340937E14246D
:10299000A17E0400FE1266316D339EF8000ADA3B18
:1029A000227DF34DF378039F11227F1069E1002C03
:1029B000BDFE28039F11220BF45EF4FFFEBEF4005F
:1029C0000C50047EF4000CBDFE28039F11226911F7
:1029D00000226951002A7DE59DE1022B2069D1008A
:1029E0002269C100207F062D1E695000025E54003E
:1029F000016D444D456803022B12694000047D5E61
:102A00002E5400089D45BD4F5003022B127D5F2EB2
:102A1000540014BD4540677D5E2E5400082D5F2D87
:102A2000D57F515EB4FFFE79B600021B6A20694073
:102A300000047946000479E600067950000469B183
:102A4000002C2EB4000869460004BD4B680E69B125
:102A5000002269A100202DB4795500067D9F2E9497
:102A600000087F512EB4001C0B5A402D491B5A40C0
:102A70006941001C69B1001EBDB45032802C6991BF
:102A80000022698100207F509F54699000049D9B23
:102A90007F512EB4001C0B5A402D491B5A406941EE
:102AA000001C69B1001EBDB450047941001E7F5165
:102AB0005EB4FFFE4EB4000179B000021B0A20692B
:102AC000B1002A69A10028BF057840801E69B100C5
:102AD0002A69A100286945000469B1002269A100A2
:102AE000202DB479B1002A79A100286991002A69C2
:102AF00081002869B400027D4B5E440001680C69C6
:102B0000B1002669A10024BF4578C27F102E340091
:102B1000082269B1002269A100202DBE69E50004E8
:102B20006941002C9D4FBDE438030229DD9F11222D
:102B3000126C91127C8C127618127C0F1278A47E83
:102B40003408957E2400017E1400957E0400011255
:102B500077C31260D97E342F807E2400FE7E140954
:102B6000887E04000174011277671281D37E342FAE
:102B7000797E2400FE7E1400007E040001740112A0
:102B800071D31281D37E340020CA397E340004CA46
:102B9000397E3409687E240001CA1B7E342F737E7F
:102BA0002400FE7E1408957E04000174011246F78D
:102BB0009EF800081281D37E180014CA1B9F11CA08
:102BC0001B7E347E23CA397E342F6C7E2400FE7E29
:102BD0001409407E04000174061270DF9EF8000A9A
:102BE0007E1409407E040001121CF01281D3125A97
:102BF0002F1281D37E180005CA1B7E180180CA1BC4
:102C00007E1802A7CA1B9F11CA1B7E343DD1CA3948
:102C10007E342F687E2400FE7E1408CD7E040001E1
:102C20007402125FAE9EF800121281D37E1408CD9A
:102C30007E0400011275E71281D37E180005CA1BBD
:102C40007E180280CA1B7E18001FCA1B9F11CA1B58
:102C50007E344A7ECA397E342F647E2400FE7E1480
:102C600000227E0400017404125FAE9EF80012126E
:102C700081D37E1400227E0400011275E71281D3F5
:102C80001256C91252FF1A261A241281D3127BAE91
:102C900012801B127878740502000375CB0075CC86
:102CA0000075950075960053B3D153B4D16D337A46
:102CB000370D667E34FFFF7A370D68D2C5D2C375F3
:102CC000E8FF75A0FFD2C2D2C17E340096127ECC3E
:102CD000C2C17E340096127ECCD2C17E34009612E0
:102CE0007ECC7411127FB67E340014127ECC74D068
:102CF000127FB674071280E074421280E0741812DA
:102D000080E074D1127FB6E41280E074071280E094
:102D100074101280E074D2127FB674011280E074D5
:102D2000021280E074C0127FB674101280E0743B0F
:102D30001280E0E41280E074021280E074111280CC
:102D4000E074C5127FB674031280E074C8127FB6B7
:102D5000E41280E074321280E074361280E0744530
:102D60001280E074061280E074161280E07437124C
:102D700080E074751280E074771280E074541280E1
:102D8000E0740C1280E0E41280E07436127FB674B6
:102D9000281280E0743A127FB674551280E0742ACB
:102DA000127FB6E41280E01280E074011280E074B9
:102DB000DF1280E0742B127FB6E41280E01280E014
:102DC00074011280E0743F1280E07E340078127E3D
:102DD000CC7429127FB6742C127FB612747E7E34A6
:102DE0000001127ECC6D33CA397E0401407E14018D
:102DF000E06D221252711BFD22CA3B7F302EF8007B
:102E00000A6D33793FFFF712829F793FFFFB792FDD
:102E1000FFF9128203793FFFFF792FFFFD6933002D
:102E2000206923001E691FFFFB690FFFF9BF0168BE
:102E30001E7E1CFFFF793000307920002E693FFF95
:102E4000FF692FFFFD1281EB7E1CFFFF022F477FE2
:102E5000132E34001D7E1BB0147A1BB029B3001D45
:102E60006003022F2D691300206903001E296000F2
:102E7000332973001CBC7668117F132E34001CCAE2
:102E80001B7E3400021241611BFE7F032E140012D0
:102E9000127FA14D33785E69330014692300129EBE
:102EA000340012793FFFFB792FFFF9693FFFFB697F
:102EB0002FFFF9793300207923001E693FFFFB695A
:102EC0002FFFF9297100333973001C29B3001DBE8F
:102ED000B0FF50387F132E34001D047A1BB08002DF
:102EE000802A7F032E140012127FF57E34000179B0
:102EF0003FFFF780386933001ABE34FFFF500D7F63
:102F0000032E14001A0B341B0A308011693FFFFF97
:102F1000692FFFFD1281EB7E1CFFFD802A9F117936
:102F20003300207923001E74FF39B3001C693FFF72
:102F3000FF692FFFFD1281EB693FFFF7BE340001EF
:102F400078031235989F119EF8000ADA3B22CA3B9B
:102F50007F312EF800066940002C695FFFF3BD54F5
:102F600028059F1102309B0B5454FE795FFFF3BD7F
:102F70005428059F1102309B4D55780A7F03126437
:102F8000799F1102309BBE380000780A693FFFF339
:102F90001229A102309B7F739EF400086930002241
:102FA0007D537D4F9D43693700049D349E34000856
:102FB000793FFFFF695FFFF3BD3578057F1302306E
:102FC0009B7D252E240014693FFFFFBD2340030293
:102FD000305269DFFFFF9DD57F102E34001C0B1A85
:102FE000509D5D1B1A507D342E340008695FFFF33D
:102FF0002D5369300022692000202D357F605ED47A
:10300000FFFE79D100021B1A0069D7000479D100B4
:1030100004794100067957000469F0002C2EF40071
:103020000869410004BD4F680E69F0002269E000A4
:10303000202DF4795700066950002A69400028BF06
:103040001250087930002A7920002812430D7F138E
:103050008049693FFFF31229A1793FFFFD792FFFD6
:10306000FB4D23682E692FFFF3693FFFFFBD3250F0
:1030700006693FFFFF8004693FFFF36D22CA1B7F93
:1030800013691FFFF9690FFFF7125EE01BFE7F0354
:10309000126479693FFFFD692FFFFB9EF80006DA95
:1030A0003B22CA3BCAB87F30691FFFEE690FFFECB5
:1030B000BE0800804018695FFFF2694FFFF0BE282C
:1030C0001000500A7E1810009F12BF0128077E1CB6
:1030D000FFF60231DF7F032E140012128079693F60
:1030E000FFF87E2400FF793300207923001E693F1A
:1030F000FFF6692FFFF47933002479230022693F1A
:10310000FFF2692FFFF07933002879230026693F09
:10311000FFEE692FFFEC7933002C7923002A693305
:10312000002C6923002ACA1B6913002869030026A2
:103130007E3400231279CA1BFE7E346F2A7E24005F
:10314000FFCA1B6933002869230026CA1B693300A4
:103150002469230022691300206903001E12552EE2
:103160009EF800087933001C7923001A7EFB703921
:103170007300339F1179330036792300347933009B
:103180003A79230038E439B3003C693FFFEA692FFC
:10319000FFE87933003F7923003D693FFFEA692F5B
:1031A000FFE879330043792300419F1179330030E0
:1031B0007923002E39B300327933006D79330071F1
:1031C0007923006FCA1BCA3B7E347025CA397F132E
:1031D0007F032E1400451270DF9EF8000A9F111B1A
:1031E000FCDA3B22CA3B7CFB7D62CA390BFE7E3493
:1031F000000612491F793FFFFF792FFFFD4D23780D
:1032000003023316693FFFFF692FFFFD39F1000903
:10321000691FFFFF690FFFFD128218693FFFFB0B5B
:10322000345E70FE691FFFFF690FFFFD7930001EDD
:10323000693FFFFF692FFFFD79610020691FFFFFD4
:10324000690FFFFD6920001E0B2669300020AD329A
:103250001277F1691FFFFF690FFFFD7930001C79BC
:1032600020001A697FFFFF696FFFFD6933001C6949
:1032700023001A4D23780A7F031274B49F1102337E
:103280001E9F117933002679230024691FFFFF69EF
:103290000FFFFD7930002A79200028691FFFFF69A0
:1032A0000FFFFD7930002E7920002C9F7780406938
:1032B000BFFFFF69AFFFFD6915001E6D000B0E7F9C
:1032C0001712441269D5001C69C5001A2DD369353F
:1032D000002E6925002C793600021B6A20693FFF09
:1032E000FF692FFFFD79D1002E79C1002C0B7C697D
:1032F0001FFFFF690FFFFD693000206D22BF71487D
:10330000AE6D3379300022691FFFFF690FFFFD2E7C
:10331000140030128079693FFFFF692FFFFD9EF88E
:103320000006DA3B22CA3BCA1B7F302EF800086930
:1033300023001E693FFFEDBD3228077E1CFFFF0200
:103340003458128203793FFFFF792FFFFD69330064
:103350002E6923002C793FFFFB792FFFF9693FFF8E
:10336000FB692FFFF94D237803023412691FFFFB1D
:10337000690FFFF9693000020B0A207933002E79BA
:1033800023002C693FFFFF692FFFFD1281EB693F8E
:10339000FFED6D22CA1B693FFFF3692FFFF1691F23
:1033A000FFF7690FFFF50B16125EE01BFE1282039A
:1033B000793FFFFF792FFFFD691300266903002481
:1033C000693FFFFB692FFFF9791100021B1A0069A1
:1033D0003FFFFB692FFFF979330026792300246929
:1033E00033002A692300284D237810693FFFFB69C9
:1033F0002FFFF97933002A7923002869330022BE90
:1034000034FFFF500D7F032E1400220B341B0A30B3
:103410008011693FFFFF692FFFFD1281EB7E1CFFCA
:10342000FD80357F032E140012127FA14D33781BCF
:103430007F032E140012127FF5693FFFFF692FFFF3
:10344000FD1281EB1235989F11800D693FFFFF69D6
:103450002FFFFD1281EB9F119EF8000CDA3B22CA70
:103460003B7F30693300E64D33780302358D693395
:103470000023BE34000240787E340040CA397F13F6
:103480002E3400A57F032E14006512754F1BFD4DD1
:1034900023780302358D7E180040CA1B7F032E144B
:1034A00000007F102E3400652E140025125EE01BF4
:1034B000FE7E180040CA1B7F032E1400402E14000D
:1034C000256D331279CA1BFE693300E66D22CA1BD3
:1034D0007F032E1400402E1400257F132E3400A5E8
:1034E000125EE01BFE7E3400027933002302358D2C
:1034F000693300234D33682F7E340040CA39693365
:1035000000231B343E343E343E343E343E343E349D
:103510007F032D132E1400257F132E3400A5127562
:103520004F1BFD4D23686669330023793300217EEC
:10353000180040CA1B693300233E343E343E343EFB
:10354000343E343E347F032D132E1400256D331288
:1035500079CA1BFE693300E66D22CA1B693300235A
:103560003E343E343E343E343E343E347F032D13ED
:103570002E1400257F132E3400A5125EE01BFE7F63
:10358000032E1400230B0A300B341B0A306933005E
:103590002379330021DA3B22CA3B2EF8000E128237
:1035A00003793FFFFF792FFFFD7E370CEF4D336826
:1035B000030236AC7E1F0CF14D2378030236AC6D4E
:1035C00033793FFFF37F0F2E14FFF51274E87F313C
:1035D0007E1F0CEB29A100327CBA5407B4033D29AD
:1035E000B100330AFB6DEE691FFFF7690FFFF5BFEE
:1035F0007050047F318015BF7078097CBA20E304D5
:103600007F3180087E340001793FFFF37E1F0CEB91
:103610002E3400327E1BB054F77A1BB07E1F0CEBA9
:10362000BF316871691FFFF77A330CF5793FFFFBF3
:10363000792FFFF97A3F0CEB693FFFF34D33680BAD
:10364000691FFFFB690FFFF912538C7F031262574A
:1036500029B3003254F8440339B300327F031261B6
:103660009C7EB30D6C70177F032E14001A693FFF08
:10367000FB692FFFF92E34001A1280CF802E7F03B2
:103680002E14001A693FFFFB692FFFF92E34001A30
:10369000127EB580177E0F0CEB1262577E1F0CEB6B
:1036A00029B1003254F8440339B10032693FFFFFB9
:1036B000692FFFFD1281EB9EF8000EDA3B22CA3B18
:1036C0002EF800107F0F2E14FFF112807912820362
:1036D0007F310237B69017BD693E00020BEA209E8B
:1036E000340012793FFFFB792FFFF912809C793F5C
:1036F000FFFF792FFFFD691FFFFB690FFFF969F0DD
:10370000002669E000247F219F277E34FFFF7E246E
:103710007FFFBF2140030237C8127412693FFFFBCD
:10372000692FFFF929B1000920E1092E340009545D
:10373000FE7A1BB0693FFFFB692FFFF92E340012A0
:103740007F0F2E14FFF1127649E47AB3094C7F13F0
:103750001281EB693FFFFB692FFFF96911001E69B8
:1037600001001C6931001A99341282037F317401FF
:103770007AB3094C7F0F2E14FFF1127FA14D3378DD
:1037800035691FFFFB690FFFF92E140012126F6AD3
:10379000693FFFFB692FFFF929B1000930E11730BC
:1037A000E0142E34000954FE7A1BB0691FFFFB6938
:1037B0000FFFF9121CF07E1417BD7E040001127F6A
:1037C000A14D3378030236D57F131281EB9EF800AA
:1037D00010DA3B22CA3BCA1B7F302EF8001012823F
:1037E0009F793FFFFB792FFFF9128203793FFFFF9B
:1037F000792FFFFD9F11691FFFFB690FFFF97930DA
:1038000000307920002E12809C793FFFF7792FFF3E
:10381000F5691300020B3A007F219F20693FFFEFFB
:10382000692FFFEDBF2140030238B22F107933001A
:10383000021B3A20693300020B3A20691FFFF76927
:103840000FFFF59F10793FFFF3792FFFF1691FFFFD
:10385000FB690FFFF91264D27F1F2E34FFF1CA1BE0
:10386000691FFFF7690FFFF52E1400456D33124EE7
:10387000F21BFE691FFFFB690FFFF92E14004512B2
:103880001CF0693FFFFF692FFFFD1281EB12359895
:10389000691FFFFB690FFFF9693000306920002EB6
:1038A000BE1CFFFE78269F11793000307920002E53
:1038B000801A693FFFF7692FFFF5793300021B3A41
:1038C00020693FFFFF692FFFFD1281EB691FFFFB9E
:1038D000690FFFF9693000306920002E9EF800144E
:1038E000DA3B22CAF87EF30D2E7CBF5480B48016DA
:1038F0007EB30D3170307EB30D30702A7E370D34BB
:10390000BE34000268030239DB7CBF540F14681B0D
:1039100014683B0BB168030239DB7EB30D337006CC
:103920007EB30D32601E0239DB80197EB30D37B4D1
:10393000040F7EB30D3360030239DB7EB30D3260BA
:10394000030239DB7E3456BD7E2400FF807D7EB3CA
:103950000D37B404067EB30D336002807E7E730D96
:10396000327CA75EA00F1B7068362E707F68040B38
:103970007078687E2400017CBA60053E241478FBD0
:103980007E730D3F6C665C754D33680A7E3456BF9E
:103990007E2400FF80357E3456BD7E2400FF802BC0
:1039A0007E2400017CBA60053E241478FB7E730DF2
:1039B000406C665C754D33680A7E3456BF7E2400C9
:1039C000FF80087E3456BD7E2400FF7A1F0D3B7EAB
:1039D0003400027A370D39800780001281AB8003F2
:1039E000128124DAF822CA3B2EF800107F0F2E1421
:1039F000FFF112807912809C7F31128203793FFFA0
:103A0000FB792FFFF9023AC87E0F09449E14001279
:103A1000791FFFFF790FFFFD693000266920002420
:103A20007F039F017E34FFFF7E247FFFBF014003A1
:103A3000023AD6691FFFFF690FFFFD127412693F3A
:103A4000FFFF692FFFFD29B1000920E1092E340095
:103A50000954FE7A1BB0693FFFFF692FFFFD2E342A
:103A600000127F0F2E14FFF1127649693FFFFF69A4
:103A70002FFFFD6911001E6901001C6931001A99B0
:103A80003412809C7F317F0F2E14FFF1127FA14DE5
:103A9000337835691FFFFF690FFFFD2E14001212E6
:103AA0006F6A693FFFFF692FFFFD29B1000930E10F
:103AB0001730E0142E34000954FE7A1BB0691FFF42
:103AC000FF690FFFFD121CF07E080944127FA14D13
:103AD000337803023A08693FFFFB692FFFF912812F
:103AE000EB9EF80010DA3B22CA3B7F302EF8001024
:103AF0006D33793FFFFD9F00791FFFFB790FFFF9C1
:103B00007E3BB07006126822023BE27E1F0439023F
:103B10003BAC691FFFF3690FFFF1693000020B0A2C
:103B200020793FFFF7792FFFF57F03128067CA39AD
:103B3000693FFFF5692FFFF37F0312736C1BFD4D87
:103B400023785D693FFFFD4D337817691FFFF769E3
:103B50000FFFF5791FFFFB790FFFF9128067793F9F
:103B6000FFFD693FFFF7692FFFF5691FFFFB690F35
:103B7000FFF9127B8D793FFFFF692FFFFDBD3258A2
:103B800008693FFFFF793FFFFD693FFFF7692FFF9E
:103B9000F5CA1B7E142DEA7E0400FE1266311BFE60
:103BA000693FFFF3692FFFF12E34000A793FFFF3DD
:103BB000792FFFF17E0F043D693FFFF3692FFFF17D
:103BC000BF105003023B12693FFFFB692FFFF9BE94
:103BD000180000680D691FFFFDCA197F03126D618F
:103BE0001BFD9EF80010DA3B22CAF80BFE1282037E
:103BF000793FFFFF792FFFFD7E730D36BE730D5E9B
:103C000068157E730D367A730D5EE47AB30D5D7AB6
:103C1000B30D607AB30D5F7EB30D37B40402800339
:103C2000023CD57EB30D2D60217E730D439E730D36
:103C300041BE70805014E47AB30D2D7E7001740E75
:103C40001280416C7774141280417EB30D2C705E2B
:103C50007E730D44BE730D42685474017AB30D2C0B
:103C60007E7001740E1280416CFF80217EA30D4294
:103C70007CBA047AB30D420A3A2E3413B57A7182B3
:103C80007A61837EEB7074211280410BF07E730D9C
:103C900044BE730D426805BEF04040D0BEF040788F
:103CA000057E700180026C777A730D5D801F7EB394
:103CB0000D2C70217EB30D5D601BE47AB30D5D7435
:103CC000017AB30D2C7E7001740E1280417E70015A
:103CD0007411128041693FFFFF692FFFFD1281EBD4
:103CE0001BFEDAF822CA3B7F302EF80020BE3400DB
:103CF00002680E7E1422C37E0400FE126631023D6D
:103D0000C669130006690300047E3422BD7E2400C8
:103D1000FE127A684D237819125A2F7F31CA397EE4
:103D20001422957E0400FE1266311BFD7D37023D94
:103D3000CA69130006690300047E3422907E2400C1
:103D4000FE127A684D23781212825A7E1422547E13
:103D50000400FE1266316D3380706913000669033A
:103D600000047E34224D7E2400FE127A684D2378B2
:103D7000557F0F2E14FFE11257CE12808B600A7E02
:103D80003422247E2400FE80087E34221F7E2400FC
:103D9000FECA1B693FFFFB692FFFF94D23680A7EAE
:103DA0003423387E2400FE80087E3423307E2400B5
:103DB000FECA1B7E1422297E0400FE1266319EF884
:103DC00000086D3380047E34FFFF9EF80020DA3B4C
:103DD000222EF800056CFF6CEE6CDD127C2F39BFD3
:103DE000FFFCBCBF680929FFFFFC6CEE023EAEBEC3
:103DF000E0034003023EAE7CBE047CEBB4030280D1
:103E000003023EAE7CBD64FF29CFFFFC5CCB29DF03
:103E1000FFFC7803023EAE7E1CFFFF7E1400007E96
:103E2000040001122660128203793FFFFF792FFF01
:103E3000FD7E1F02A30B1C7A1F02A37AC3042B7CF6
:103E4000BC1273347CBC30E0167E370011BE3400E7
:103E50000A280C7E3700119E34000A7A3700117C44
:103E6000BC30E1167E370011BE340064500C7E3742
:103E700000112E34000A7A3700117CBC30E40A9F0E
:103E8000117A1F00177A1F02A3693FFFFF692FFFF6
:103E9000FD1281EB7E1400007E040001122DF97EDC
:103EA0001800027E1409887E0400011222EA7E189E
:103EB00000011282A4023DDBCA69CAF87CFB7D6363
:103EC000CA0B2EF800084D63681FBEF008501A692F
:103ED0001FFFEA690FFFE8BE080080400C693FFF42
:103EE000E6692FFFE44D2378059F11023F96BE0837
:103EF000020028059F11023F96691FFFF7690FFF17
:103F0000F57E34000112491F793FFFFF792FFFFD35
:103F10004D2378049F11807E693FFFEA1269617921
:103F20003FFFFB792FFFF94D2378028052693FFF55
:103F3000E6692FFFE4CA1B693FFFE6692FFFE4CA69
:103F40001B693FFFF3692FFFF1CA1B693FFFE2695D
:103F50002FFFE0CA1BCA69693FFFE5692FFFE369CC
:103F60001FFFED690FFFEB7CBF1230A29EF800121D
:103F70004D23681A691FFFFB690FFFF9127AFE696A
:103F80001FFFFF690FFFFD1274B49F118008693F86
:103F9000FFFF692FFFFD9EF8000CDAF8DA6922C0F6
:103FA000D0C0A8C2AFC0E3C0E4C0E5C0BACAEBCA83
:103FB0000BCA1BCA2BCA3BCA4BCA5BCA6BCA7B1251
:103FC000823F806DC0D0C0A8C2AFC0E3C0E4C0E5EE
:103FD000C0BACAEBCA0BCA1BCA2BCA3BCA4BCA5BC4
:103FE000CA6BCA7B1282488048C0D1CA0200C0D0C6
:103FF000C0A8C2AFC0E3C0E4C0E5C0BACAEBCA0BF8
:10400000CA1BCA2BCA3BCA4BCA5BCA6BCA7B7F0F8F
:104010009E14002D7E0B4029500001296000027A79
:104020000B607E70FF39700001394000023950008A
:10403000037E030D4EBE000068297E00007A030D4A
:104040004E7E0F0D467E180000BF0168097F1F1BC2
:104050000A20793000027E0F0D4A0B0A20693000D9
:10406000027FF1DA7BDA6BDA5BDA4BDA3BDA2BDAF6
:104070001BDA0BDAEBD0BAD0E5D0E4D0E3D0A8D08D
:10408000D032CA3BCA1B7F302EF800081282037957
:104090003FFFFF792FFFFD6933001ABE340000286F
:1040A000197F032E14001A1B341B0A30693FFFFFCF
:1040B000692FFFFD1281EB024158693FFFF7692F1D
:1040C000FFF54D237812693FFFFF692FFFFD128135
:1040D000EB7E1CFFFE02415A12829F793FFFFB7963
:1040E0002FFFF99F00791100307901002E29B300CC
:1040F000097F032E14001212486A693FFFF7692FE7
:10410000FFF5BE180000082A7F1F2E34FFF5CA1BDA
:10411000691FFFF7690FFFF52E1400456D33124E2E
:10412000F21BFE691FFFFB690FFFF92E14004512F9
:104130001CF0693FFFFF692FFFFD1281EB123598DC
:10414000691FFFFB690FFFF9693000306920002EFD
:10415000BE180000680280029F119EF8000CDA3B36
:1041600022CA3B7F302EF800082E3400007803026C
:1041700041FD1B3478030242041B346803024230C1
:10418000128203793FFFFF792FFFFD29B3003254DC
:1041900007B401347F03126257693FFFF1692FFFB3
:1041A000EF7E1B703973003329B300337E34000176
:1041B00060053E341478FB6D227933003679230094
:1041C000347F0312538C8028693FFFF1692FFFEF82
:1041D0007E1B703973003329B300337E34000160D5
:1041E000053E341478FB6D22793300367923003490
:1041F000693FFFFF692FFFFD1281EB80337F0312C0
:1042000075E7802E7F03128163BE34000178077F3B
:10421000031269FA80057F03126A45793FFFFB7933
:104220002FFFF9123598693FFFFB692FFFF98002D4
:104230009F119EF80008DA3B22CA3BCA297F307DD5
:10424000132EF8000A6D33793FFFFF9F22795FFF3D
:10425000FD794FFFFB795FFFF9794FFFF7692FFF7A
:10426000F5BE24000018030243067D31127B467917
:104270003FFFF9792FFFF74D2378056D3302430691
:10428000128203695FFFF9694FFFF7691200046941
:10429000020002791FFFFD790FFFFB804C691FFFB1
:1042A000FD690FFFFB9E14000A695FFFFF3E543E4D
:1042B000542D577D46791200021B2A00695FFFFFCB
:1042C0000B54795FFFFF694FFFF5695FFFFFBD5436
:1042D000582D69FFFFFD69EFFFFB695700020B7A5C
:1042E00040795FFFFD794FFFFB69FFFFF969EFFF41
:1042F000F70BF5695FFFFD694FFFFBBF27789E1243
:1043000081EB693FFFFF9EF8000CDA3B227F717F53
:10431000606937000469160022690600202D13BF6A
:1043200070685B693000025E3400016D224D2378B5
:104330004D6936002669260024BF016841693600B0
:104340002A69260028BF10780879F6002A79E60045
:10435000289F11793000021B0A2069300004793748
:104360000004693600227D237D3F9D3269200004D0
:1043700069160022690600202D127930000669377F
:10438000000669160022690600202D13BF07684F3A
:10439000693000025E3400016D224D237841693698
:1043A000002A69260028BF1778087916002A79069E
:1043B00000289F11793700021B7A206937000479A1
:1043C000300004693600227D237D319D326927004B
:1043D0000469160022690600202D12793000062299
:1043E000C2D57CB430E708B2D56E24FFFF0B247C25
:1043F000B630E712B2D56E34FFFF0B348D326E2427
:10440000FFFF0B2480028D3230D5066E34FFFF0B88
:1044100034227D51AD037D027D21AD052D12AD35D8
:104420002D21227D02AD31AD102D21226D007410A1
:104430004D00780B4D2278278D317D126D22227D23
:10444000437D326D222F112D445002A50FBF104025
:10445000049F100B901478ED7F016D227D34227D36
:10446000417D138D247D022F004004BD0440049D36
:10447000040B141478F17D237D317D106D0022C270
:10448000D57CB030E708B2D59F229F207F027CB454
:1044900030E713B2D59F229F217F1212442E9F2214
:1044A0009F207F02800312442E30D5069F229F2139
:1044B0007F1222CA3B7F300BFDBE340001781212FE
:1044C00082810A3BCA397E1421CF7E0400FE024558
:1044D00072BE34000268030245596913000669037D
:1044E00000047E34224D7E2400FE127A684D23782B
:1044F000046D33804569130006690300047E34218E
:10450000CB7E2400FE127A684D2378067E340001AB
:10451000802869130006690300047E3421C77E24C5
:1045200000FE127A684D2378067E340002800B6903
:1045300013000669030004127063793FFFFF697F6F
:10454000FFFFBE7400004806BE74000208117E140E
:1045500021A57E0400FE1266317E34FFFF801A7CA6
:10456000BF1281DF693FFFFFCA397E1421987E04A4
:1045700000FE1266311BFD6D331BFDDA3B22CAF8CB
:10458000123BE97EB30D37BEB0046807E47AB30D81
:104590006080587EB30D61600C7EB30D4F20E00546
:1045A000E47AB30D607EB30D4F54017AB30D617E92
:1045B000B30D6070267EB30D4F20E00A7E730D436D
:1045C000BE730D41681574017AB30D607E142EA977
:1045D0007E0400FE1266317403805E1282037E3315
:1045E0000D43BE330D41780E1281EB7E180001128F
:1045F00082A474FF80437EA30D417CBA047AB30D7C
:10460000410A1A2E1412B57A31827A21837EEBF098
:104610001281EBBEF00A780F7EB30D5F6009E47A79
:10462000B30D5F74FF8012BEF00D78057E700180BF
:10463000026C777A730D5F7CBFDAF822CA3B7CC1CB
:104640007D717CDB7D430BFDBED0204005BED07E5E
:1046500028037ED03F4CCC68067E14000580047E83
:1046600014000B2D147D022E04000F7D34126913EB
:10467000D2C5C2C36CAAE47AFBB00A3D6D227F01A9
:104680002F002F002F000A3A2F102E2400FE2E1884
:1046900025A37E1BB039BFFFFF6C77BE7005501B92
:1046A0007E4400107CB760050E441478FB296FFF30
:1046B000FF0A265D2468047D4780047E4408417C0F
:1046C000B8F5E87CB9F5A000C2C200D2C2004CCC5B
:1046D000780700C2C200D2C2000B70A5BF06BC7E24
:1046E000FBB0047AFBB0B402910BA0BEA0084086D8
:1046F000D2C31BFDDA3B22CA3BCAB87F217F30CA36
:104700002B7E3400061250241BFE7EFB7039730092
:10471000097F03128218693FFFF8692FFFF679338A
:10472000001C7923001A693FFFF40B345E70FE7998
:1047300033001E6923001E0B26693FFFF28D32797C
:104740003300209F11793300267923002479330028
:104750002A792300287933002E7923002C9F778033
:10476000306913001E6D000B0E7F1712441269D3BF
:10477000001C69C3001A2DD36933002E6923002C55
:10478000793600021B6A2079D3002E79C3002C0BE6
:104790007C693300206D22BF7148C66D33793300C8
:1047A000227F032E1400301280799F111BFCDA3B0C
:1047B000222EF800207F0F2E14FFE11257CE7E1418
:1047C00023AC7E0400FE126631693FFFF3692FFFC0
:1047D000F1CA1B693FFFF3692FFFF1CA1B693FFF55
:1047E000E7692FFFE5CA1B693FFFDF692FFFDDCABD
:1047F0001B693FFFD7692FFFD5CA1B7E1423787E24
:104800000400FE1266319EF80014693FFFFF692F15
:10481000FFFD4D23680A7E3423387E2400FE800885
:104820007E3423307E2400FECA1B693FFFDF692FE0
:10483000FFDDCA1B693FFFF3692FFFF14D23680AB3
:104840007E34234D7E2400FE80087E3423497E245E
:1048500000FECA1B7E1423507E0400FE1266319EA9
:10486000F8000C6D339EF8002022CA3BCAB87F3195
:10487000CA0B0BFE7F011264D229BFFFF814681621
:104880000468030249167F132E340012691FFFFBD0
:10489000690FFFF9807D691FFFFB690FFFF9693020
:1048A00000020B0A208036691FFFFF690FFFFD9E83
:1048B0001400122960003329730033BC76500F7F37
:1048C000132E3400122E140012127582802B695F91
:1048D000FFFF694FFFFD693200020B2A20793FFF7D
:1048E000FF792FFFFD695FFFFB694FFFF9693FFF0C
:1048F000FF692FFFFDBF1278AE691FFFFB690FFF35
:10490000F9693FFFFF692FFFFDBF1078097F132E64
:104910003400121275829F119EF80009DA3B22CAF8
:104920003BCA0B7D732EF80008127B46793FFFFBD4
:10493000792FFFF96931000A1277F1793FFFFF798A
:104940002FFFFD4D2378049F11807E693FFFFB6997
:104950002FFFF96931000A6D22CA1B691FFFFB692D
:104960000FFFF96D331279CA1BFE691FFFFF690F34
:10497000FFFD39F00008E4693FFFFF692FFFFD39B3
:10498000B100097E340008CA39693FFFF5692FFF7D
:10499000F3691FFFFD690FFFFB126D611BFD1282A2
:1049A000037F31693FFFFF692FFFFD2E34000A6945
:1049B0001FFFFB690FFFF90B151276497F13128158
:1049C000EB693FFFFF692FFFFD9EF8000CDA3B22E9
:1049D000CA3B7F300BFDBE340002680D7E142304F9
:1049E0007E0400FE126631806A69130006690300C6
:1049F000047E34234D7E2400FE127A684D2378060F
:104A00007E3400C8801969130006690300047E34EF
:104A100023497E2400FE127A684D2378086D33798D
:104A20003FFFFF80346913000669030004127063BE
:104A3000793FFFFFBE34000A4819693FFFFFBE34CB
:104A400003E8180F693FFFFF7E24000A1243E04D80
:104A50002268067E34FFFF8020693FFFFF1251511C
:104A60007F31CA39693FFFFDCA397E1422E17E04D5
:104A700000FE1266311BFE7D371BFDDA3B222EF84D
:104A800000087F1F2E34FFFDCA1B7E18000ACA1BB8
:104A90007E1800077E1409887E0400017406121A2D
:104AA000B49EF800088016693FFFFB692FFFF97A72
:104AB0001F00087E1F00130B1C7A1F00139F11CAD2
:104AC0001B7E340004CA397F1F2E34FFF37E140886
:104AD000957E0400011215C49EF800064D2368C798
:104AE000127A1A60107EB30426B423097EB3029EA4
:104AF000BEB023680574061200037E1CFFFF7E14FF
:104B000000007E0400011226607E1F000C0B1C7A40
:104B10001F000C7E1400007E040001122DF91210FB
:104B2000927E18000A1282A4024A827EB30D37BE1A
:104B3000B00268207EB30D2E701A7EB30D31701452
:104B40007EB30D33700E7EB30D3270087E370D3498
:104B50004D3368030281AB7EB30D30B4015F740442
:104B60007AB30D37E47AB30D3F7AB30D407E70010E
:104B7000740E1280417E702074121280417E700883
:104B800074101280417E7002740E1280417E70207B
:104B900074121280417E700874101280417E700180
:104BA000740E1280416C7774121280417E7008740A
:104BB000131280416C77740E128041801074037A56
:104BC000B30D3774FF7AB30D3F7AB30D400281C63F
:104BD000CAF87CFB2EF8000812809C2E1800C879B9
:104BE0003FFFFF792FFFFD123BE97EB30D37BEB0CB
:104BF0000468046D338076128203793FFFFB792FBE
:104C0000FFF97EB30D37B404387E730D449E730DE7
:104C100042BE70FF502B7EA30D447CBA047AB30DC4
:104C2000440A3A2E3413B57A71827A61837AEBF0B2
:104C3000693FFFFB692FFFF91281EB7E3400018091
:104C40002C693FFFFB692FFFF91281EB12809C69F1
:104C50001FFFFF690FFFFD9F10BE18000048046D85
:104C600033800A7E1800011282A4024BE79EF800EE
:104C700008DAF82253B2FC43B10374807E34FE0795
:104C80007E24007E7A1BB07E34FE077E24007E7E6A
:104C90001BB030E0F275DC0075F4906C77E41280A4
:104CA000417E700874011280417E703F740712804B
:104CB000417E703F74091280417E7007740B128030
:104CC000416C7774011280417E34C2007E24000161
:104CD0001268C47A1F0D50E47AB30D547AB30D559F
:104CE00074087AB30D5674027AB30D37E47AB30DB3
:104CF000387AB30D3F7AB30D407AB30D2C7AB30DE9
:104D00002D7AB30D417AB30D437AB30D427AB30DC8
:104D100044A9D7AF22CA3B7F300BFEBE34000168E6
:104D200003024DAB128203793FFFFF792FFFFD7F16
:104D3000032E1400121261FB7F032E140030126147
:104D4000FB80446933002669230024691100020BAB
:104D50001A0079130026790300246913002A6903D5
:104D60000028BF01780A9F007913002A79030028E0
:104D70006913002E6903002C791100021B1A0079B7
:104D800033002E7923002C69130026690300244D7B
:104D90000178B06D3379330022693FFFFF692FFF3F
:104DA000FD1281EB1235989F1180047E1CFFFF1BC2
:104DB000FEDA3B227EB30D37B404247EB30D2EB44D
:104DC000021D7EB30D336003024E4D7EB30D317074
:104DD0007C7EB30D3070767E370D344D33680280A3
:104DE0006C7E630D327C765E700F1B60682F2E60C8
:104DF0007F68040B6078567E2400017CB760053E16
:104E0000241478FB7C656E60FF5E630D3F7A630D52
:104E10003F740E1280417E7040741180247E240005
:104E2000017CB760053E241478FB7C656E60FF5EF4
:104E3000630D407A630D40740E1280417E70807461
:104E4000141280416C77740E12804180030281AB92
:104E50000281C67EB30D2E5480BEB0806803024E20
:104E6000DE7EB30D311BB168191468280BB1786E62
:104E70007E3456687E2400FF7A1F0D3B7E3400127C
:104E800080547E34567A7E2400FF7A1F0D3B7E3498
:104E9000004380427EB30D301468191468280BB1AA
:104EA000783C7E3456647E2400FF7A1F0D3B7E34AE
:104EB000000480227E3456C17E2400FF7A1F0D3B01
:104EC0007E34000880107E3456407E2400FF7A1F16
:104ED0000D3B7E3400247A370D3980058000028135
:104EE000AB7E370D34BE370D3950047A370D390299
:104EF0008124CA3BCA397F30128203691FFFFF2E0B
:104F0000140000681E1B1568331B14683C1B1468D2
:104F1000481B1468550B16786869530022694300D2
:104F200020804F695FFFF7694FFFF5691200020BA0
:104F30002A00791300227903002080457F032E1474
:104F400000097E0BB054FD800B7F032E1400097EF8
:104F50000BB044027A0BB0802829B3000930E00678
:104F60007E280001800C9F22800869530026694337
:104F70000024691FFFF7690FFFF5795000021B0A33
:104F8000401281EB9F111BFDDA3B227EB30D37B43B
:104F900004247EB30D2EB4021D7EB30D33600302D4
:104FA000501E7EB30D3170767EB30D3070707E373B
:104FB0000D344D33680280667E630D327C765E7000
:104FC0000F1B60682C2E607F68040B6078507E2475
:104FD00000017CB760053E241478FB7C654E630DB0
:104FE0003F7A630D3F740E1280417E701074118001
:104FF000217E2400017CB760053E241478FB7C658B
:105000004E630D407A630D40740E1280417E702015
:1050100074141280416C77740E12804180030281F7
:10502000AB0281C6CA3BCA397F302EF80008693FFF
:10503000FFF7127B46793FFFFB792FFFF91281358D
:10504000691FFFFB690FFFF9693000046920000246
:105050008009691100020B1A007F10691FFFFB69AC
:105060000FFFF90B15BF1078E91273A4695FFFF702
:10507000448039B300087E340008CA39693FFFED27
:10508000692FFFEB7F03126D611BFD128203793FD5
:10509000FFFF792FFFFD7F132E34000A691FFFFBEE
:1050A000690FFFF90B15127649693FFFFF692FFF62
:1050B000FD1281EB9EF8000ADA3B22CAF86C777485
:1050C0000E1280417411127FE07CFB30E20F7C7F76
:1050D0005E70FB7411128041E47AB30D387CBF30EE
:1050E000E40A7C7F4E708074111280417EB30D38CB
:1050F00024FD68521468540BB278537CBF30E04EE4
:105100007416127FE0BEB008680280357E080D2E4E
:1051100074201272C17E370D34127A417A370D3401
:105120007EB30D2E546024E0680D24E0680E244008
:10513000780F1262B38017127D8780121282AD80C1
:105140000D1281AB8008125F47800312613BDAF8D1
:1051500022CA797D730BFE4D737814E47AB3042C64
:105160007E1409407E040001126DA49F11806DBE63
:1051700074000A4012BE7403E8380C7E24000A7DD5
:10518000378D324D2268067E1CFFF6804F7E140953
:10519000407E040001126DA47E24000A7D378D320A
:1051A0006D22793FFFFF792FFFFD7F1F2E34FFFD1A
:1051B000CA1B7E1409407E0400016D33124EF21B9F
:1051C000FE4D2368067E1CFFFF801174017AB30434
:1051D0002C7E1409407E040001121CF01BFEDA79BB
:1051E00022CA3BCA397F302EF800226D3380020B71
:1051F000347F032D137E0BB0BEB020680DBEB00906
:105200006808692FFFDDBD3240E54D3378028039F3
:105210007F031255B7793FFFFF4D337802802A7E16
:10522000180020CA1B7F0F2E14FFDB6D331279CAC2
:105230001BFE7F1F2E34FFDFCA1B7F03693FFFD990
:10524000121F231BFE4D3378067E34FFFF801B7F29
:105250000F2E14FFDF692FFFFF99247D13693FFF95
:10526000D5692FFFD31B1A106D339EF80024DA3B4B
:1052700022CA3B7D607D717D022D061B047D132DAE
:10528000171B14126913D2C5C2C3693FFFF90A562E
:10529000F5E87CB7F5A07D367D17AD375E340007A5
:1052A000800800C2C200D2C21B70A5BF00F47D37C7
:1052B000AD3674031E341E2450034E60801478F4FF
:1052C0007D73803200C2C200D2C200C2C200D2C20C
:1052D00000C2C200D2C200C2C200D2C200C2C2001A
:1052E000D2C200C2C200D2C200C2C200D2C200C238
:1052F000C200D2C21B744D7778CAD2C3DA3B22CA2D
:105300003B0BFE12802E7E3415287E2400017A1F6E
:1053100004317E1414B57E0400017F307E18000A2B
:10532000CA1B7E180300CA1B7E180441CA1B9F11AA
:10533000CA1B7E34091CCA397E342E567E2400FED8
:105340007405125FAE9EF80012793FFFFF792FFFC0
:10535000FD9F11CA1B7E342E517E2400FE7E0F0459
:1053600031E41277951BFE7E180001127D6CBE3869
:1053700000006811693FFFFF692FFFFD4D2378058D
:105380007F031275E76D331BFEDA3B22CA3B7F3089
:105390000BFE128203793FFFFF792FFFFD7E1F0C6A
:1053A000EBBF31780E29B3003254F8440339B3000F
:1053B00032805529B3003254F8440139B3003230F9
:1053C000E31A292300337E3008AC232E140CAB6D76
:1053D000007F132E340012127582801829230033A7
:1053E0007E3008AC232E140CAB6D007F132E3400DE
:1053F0001212764969330036692300344E370CF3B4
:105400004E270CF17A1F0CF1693FFFFF692FFFFD5A
:105410001281EB1BFEDA3B22CA790BFE7EB3001031
:10542000707C7E1CFFFF7E1400007E0400011226AB
:10543000607E1F00170B1C7A1F0017793FFFFF7952
:105440002FFFFD7E7700117E1400007E0400011204
:105450002DF97E340004CA397F1F2E34FFFB7E14E1
:1054600008957E040001127EE31BFD4D23780C7E1F
:105470001F042D0B1C7A1F042D800A7E1F029F0B18
:105480001C7A1F029F7E1800017E1409887E04008A
:10549000011222EA7D376D221282A402541C1BFEE7
:1054A000DA79227EB30D36047AB30D36E47AB30D81
:1054B0004F7AB30D447AB30D427AB30D437AB30DEC
:1054C000417AB30D2D7AB30D2C6C771280417E3466
:1054D000C2007E2400011268C47A1F0D50E47AB322
:1054E0000D547AB30D5574087AB30D5674027AB31D
:1054F0000D37E47AB30D387E7001740E1280417E50
:10550000704874111280417E7002740E1280417EC8
:10551000704874111280417E7001740E1280417EB9
:10552000709074141280416C77740E028041CA3BF3
:105530000BFD697FFFF7696FFFF50B757E347925E9
:10554000793FFFFF693FFFF7692FFFF5BE18100095
:1055500040057401120003693FFFF37D13693FFFAB
:10556000F7692FFFF51B1A107E18002ECA1B7F0348
:105570006D331279CA1BFEE47A3BB074FF39B30075
:1055800001693FFFFF39730002693FFFFF0A3639A7
:10559000730003E439B30004748239B30005E5BA3B
:1055A00039B30009740139B3000B7F132E34002E78
:1055B0001B341BFDDA3B22CA3BCA397F302EF80070
:1055C000066D33793FFFFB7E1F04398050693FFF32
:1055D000F9CA39693FFFFD692FFFFB691100020B12
:1055E0001A007F1312736C1BFD4D237824695FFF33
:1055F000F9693FFFFF692FFFFD691100020B1A00D7
:105600002D157E0BB0700A69310008793FFFFB80D1
:1056100024693FFFFF692FFFFD2E34000A793FFF09
:10562000FF792FFFFD7E0F043D693FFFFF692FFFCC
:10563000FDBF104098693FFFFB9EF80008DA3B224F
:1056400024035300540043002000520054002D0056
:10565000540068007200650061006400200043008F
:105660004400430004030904120100020202014045
:10567000BF3402FF000201020001090243000201DF
:105680000080FA0904000001020201000524001054
:10569000010524010001042402020524060001077B
:1056A0000582034000FF09040100020A0000000710
:1056B00005810240000007050102400000000001D2
:1056C000000803530054004300CA3B2EF800087E34
:1056D000080C4F1280799F337D37CA397E342F886A
:1056E0007E2400FE7F0F2E14FFF7127CC61BFD7E6A
:1056F000180020CA1B7E180180CA1BAD372E340A41
:10570000CF6D22CA1B9F11CA1B7E348286CA397E86
:10571000140073AD172E1418387E0400017F1F2E5D
:1057200034FFE77407125FAE9EF800127E14007318
:10573000AD172E1418387E0400011275E70B3CBE1D
:1057400038000140939EF80008DA3B22CA3B7F30C4
:105750002EF800066D33793FFFFB128203793FFF7D
:10576000FF792FFFFD7F032E140012127FA14D330E
:1057700078137F032E140012127FF57E3400017916
:105780003FFFFB80286933001ABE34FFFF500D7FB6
:10579000032E14001A0B341B0A308011693FFFFFDF
:1057A000692FFFFD1281EB7E1CFFFD801A693FFF10
:1057B000FF692FFFFD1281EB693FFFFBBE34000143
:1057C00078031235989F119EF80006DA3B22CA3BF7
:1057D0007F301282037E0F0427791300021B3A00E8
:1057E0007E0F042D79130006790300047E0F001349
:1057F0007913000A790300087E0F029F7913000EC7
:105800007903000C7E0F0008791300127903001051
:105810009008B70BEA106D00791300167903001495
:105820007E33042C0A137913001A790300187E0FB3
:10583000001B4D0168067E08000180029F0079135D
:10584000001E7903001C1281EBDA3B227584017E75
:10585000440FFFE47A49B01B4478F99000007E348D
:105860002000E4F0A31B3478FA7EF80D6C7E04006F
:10587000FE7E142C860B0A405D44681A69200002E3
:105880000B0E0B44800A7E0BB07A29B00B240B0C54
:105890001B4478F280DF7E0400FE7E142D620B0A2A
:1058A000405D446822295000020A25693000032E19
:1058B0000800050B44800A7E0BB07A1BB00B1C0B52
:1058C0000C1B4478F280D7022B30CA3BCA1B0BFE5C
:1058D00012829F7F31128203793FFFFF792FFFFDF4
:1058E0009F11793300307923002E7F031264D27F19
:1058F0001F2E34FFF9CA1B7F032E1400456D33128F
:105900004EF21BFE7F032E140045121CF0693FFF70
:10591000FF692FFFFD1281EB123598693300306962
:1059200023002EBE1CFFFE780A9F117933003079C8
:1059300023002E693300306923002E9EF80008DA18
:105940003B22CA3B7D437F300BFD39B300097F10FA
:105950002E3400097E1BB054FE7A1BB07943001A26
:10596000693FFFF7692FFFF57933001E7923001C8B
:105970009F117933002679230024693FFFF3692FB3
:10598000FFF179330022792300206D33793FFFFF47
:10599000693FFFFF3E343E343E347F032D132E1407
:1059A0000012128079693FFFFF0B34793FFFFFBE81
:1059B00034000148DB1BFDDA3B22CA3B7D132EF885
:1059C00000066D00790FFFFF9F11793FFFFD792FD2
:1059D000FFFB7D31127B467F31BE38000078046DBD
:1059E00033804512820369130004690300028019A1
:1059F000691FFFFF0B14791FFFFF695FFFFD694FF0
:105A0000FFFB691200020B2A00791FFFFD790FFFCF
:105A1000FB7F230B55691FFFFD690FFFFBBF02785A
:105A2000CF1281EB693FFFFF9EF80006DA3B22CAE6
:105A30003B7E1F001B4D23785D12808B0A3B4D334C
:105A400068028052E47AB300107E180005CA1B7EFB
:105A5000180200CA1B9F11CA1B7E3454187E142FD3
:105A6000837E0400FE7401123EB89EF8000C7F3164
:105A7000BE38000078067E1CFFFB80227E347D3617
:105A80007933006D7A3F001B7F031275E74D236861
:105A90000B7F03126A457E1CFFFF80029F11DA3BD9
:105AA00022CAF87E7001740E1280417414127FE0D5
:105AB0007CFB30E6087E708074141280417CBF301D
:105AC000E04E7416127FE07CFB80217421127FE08F
:105AD0007CAB7E730D437CB7047AB30D430A372E3B
:105AE0003412B57A71827A61837AEBA07CAF1BF0B5
:105AF0004CAA78D77E730D439E730D41BE70C04093
:105B00000874017AB30D2D80076C777414128041EC
:105B1000DAF822CA3B7F31CA0B7E1CFFFF7E1400DD
:105B2000007E0400011226601282037E2F00176996
:105B30001FFFFF690FFFFD795000021B0A407E0F17
:105B400002A3791300021B3A007E2F000C691FFF8D
:105B5000F5690FFFF3795000021B0A407E470011E0
:105B60007E54000AAD54691FFFF1690FFFEF1B0A55
:105B7000501281EB7E1400007E040001122DF91BEF
:105B8000FEDA3B22CA797D720BFE2E7400035EF0B2
:105B9000FC2E3400035E70FC2D371277F1BE180026
:105BA00000684D7D171B146D007F215D516D444DC4
:105BB0004578107D576D442F21795FFFFF794FFFA6
:105BC000FD80187F212F207D171B146E14FFFF6DA1
:105BD000005D15791FFFFF790FFFFD7F21693FFFF2
:105BE000FF692FFFFD7F011B0E795000021B0A4049
:105BF0001BFEDA7922CA3B7F30CA390BFD7E3400A6
:105C000001804A693FFFFF7D130B14692FFFFDBD23
:105C100012580A7E1423DD7E0400FE80087E1423C1
:105C2000DB7E0400FECA0B3E343E347F032D136935
:105C30003000020B0A20CA1B7E1423DF7E0400FE04
:105C40001266319EF80008693FFFFF0B34793FFF71
:105C5000FF692FFFFD693FFFFFBD3248A66D331B73
:105C6000FEDA3B22CA3B7D437F300BFD80040B7480
:105C70001B44BE440000280D7E3BB0BEB02068EE41
:105C8000BEB00968E94D4478046D3380407F1F1B26
:105C900034CA1B7F037D341251E11BFE4D3378065D
:105CA000693FFFFF80277F1380020B347E1BB0BE4D
:105CB000B020680270F4E47A1BB0CA3B7E142DEE6B
:105CC0007E0400FE1266311BFE7E34FFFF1BFDDAF0
:105CD0003B227E1F043129B1002020E107E4901609
:105CE00012F080527E1F0435BE18000068157E1425
:105CF0000080CA197E1416127E040001126D611B09
:105D0000FD80137E342EA47E2400FE7E1416127EA7
:105D1000040001127CE27E1416127E04000112803F
:105D2000677D132E1416127E0400017E342EA27E8F
:105D30002400FE127CE27E3416127E24000122CA68
:105D4000F87F717F207F107F07BF02504669FFFFF9
:105D5000FC7F602DDFBF16503A2D3F69FFFFFC2D01
:105D60001F80127F701BF47F077E7BF07F711BF416
:105D70007F177A7BF069FFFFFC7DEF1BE479EFFF73
:105D8000FC4DFF78DE801C800A7E0BF00B147A1B22
:105D9000F00B3469FFFFFC7DEF1BE479EFFFFC4D56
:105DA000FF78E67F12DAF8222EF8000E7F1F2E34DD
:105DB000FFF3CA1B7F1F2E34FFF1CA1B7F1F2E3437
:105DC000FFF17F0F2E14FFF5125B139EF800087E83
:105DD000730D450A37CA39693FFFF1CA39693FFF78
:105DE000F3692FFFF1CA1B693FFFF3692FFFF1CA67
:105DF0001B693FFFF3692FFFF1CA1B7E1424397E14
:105E00000400FE1266319EF800106D339EF8000EFD
:105E100022CA3BCA1B7F300BFE691FFFFB690FFFC5
:105E2000F9128067793FFFFD4D3378047F1380427C
:105E30007F03128067793FFFFF8029693FFFFF1BC7
:105E400034793FFFFF693FFFFDCA39693FFFF969B8
:105E50002FFFF77F0312754F1BFD4D2378047F132F
:105E600080100B74692FFFFD693FFFFFBD3258CBD7
:105E70009F119EF80008DA3B22CA3B1282037F3151
:105E80007E1F0D620B1C7A1F0D6212829F7F212ED6
:105E9000540041691200020B2A001B0C7912000207
:105EA0001B2A0069110043690100414D01782669F0
:105EB00011003F6901003D79110043790100412E35
:105EC0003400327E1BB044087A1BB07F131281EB82
:105ED00012359880057F131281EB1239E6DA3B22E6
:105EE000CAF87F717F207F107F07BF17281E69FFC8
:105EF000FFFC69EFFFFA7DDF2DD17DC0BF16283C86
:105F0000800A7E0BF00B147A1BF00B3469DFFFFC68
:105F100069CFFFFA7F561B5C79BFFFFC79AFFFFAB0
:105F20004DCD78DE801C80147F671B6C7F502DBDAB
:105F30007E5BF02DD37DC27A6BF01B7CBE780000B7
:105F400038E67F12DAF822CAF86C77740E128041B4
:105F50007411127FE020E1537E370D39BE340040CA
:105F600028057EF04080027CF77E0F0D3B7C7F741D
:105F7000201279A10A2F7E370D399D327A370D39DB
:105F80000A157E1F0D3B2D317A1F0D3B7E370D39D3
:105F90004D33780F7E700A7411128041E47AB30D8C
:105FA0003880087E70027411128041DAF822CA3BF0
:105FB000CAB87F31CA0BCA3B691FFFFB690FFFF9E3
:105FC0007E3400011250241BFE693FFFE6692FFF5B
:105FD000E4CA1B693FFFE6692FFFE4CA1B693FFF64
:105FE000E6692FFFE4CA1B693FFFE6692FFFE4CA99
:105FF0001B693FFFE4CA397F13691FFFED690FFF7B
:10600000EB29BFFFEA1230A29EF800129EF80005AD
:10601000DA3B22CA3B7F30CAB87EFB70BE700E40AE
:1060200006E47A3BB0804A1282037F017EFB700A4D
:10603000277E730D5A0A372D327E24000E1243E05C
:106040007C756C667E504CAC570A562D252E240E5E
:106050008D7A51827A41837EEB502D577D467A2B83
:10606000500B60A5BE4CDDE439B3004C7F101281AB
:10607000EB1BFCDA3B22CA3BCA1B7F300BFE1282B1
:1060800003793FFFFF792FFFFD7F03127FA14D337F
:106090007831693300020B3A209E340012691100F6
:1060A0002669010024693FFFFB692FFFF979110080
:1060B000021B1A00693FFFFF692FFFFD1281EB9F52
:1060C00011800F693FFFFF692FFFFD1281EB7E1CDE
:1060D000FFFF9EF80008DA3B22CA796D777D173EF4
:1060E000143E143E142E1417BD7E04000112807954
:1060F0000B74BE74000148E57E18000ACA1B7E18A6
:106100000180CA1B7E18094DCA1B9F11CA1B7E3411
:1061100065DACA397E342F907E2400FE7E1417C5BE
:106120007E0400017403125FAE9EF800127E141705
:10613000C57E0400011275E7DA79226C77740E12BD
:1061400080417411127FE030E0517416127FE00A32
:106150003BBE370D3928030281AB7E0F0D3B742007
:106160001272C10A1B7E270D399D217A270D397EB7
:106170001F0D3B2D317A1F0D3B7E370D394D337886
:106180000F7E70487411128041E47AB30D38800894
:106190007E7040741112804102805422CA3B7F708D
:1061A0006937002C6927002A69170028690700262B
:1061B0002F107F211B2C7E2BB0B423106977001C7D
:1061C0006967001ABF302804BF312807740612001F
:1061D0000380256917002C6907002A6937002869A0
:1061E0002700262F10BF31280FCA7B7E142F2B7E4D
:1061F0000400FE1266311BFEDA3B22CA3B7F302EC2
:10620000F800088040128203793FFFFB792FFFF9E5
:10621000691300020B3A009E140012791FFFFF79E8
:106220000FFFFD7E1CFFFF793000307920002E69C2
:106230001FFFFF690FFFFD126A90693FFFFB692F87
:10624000FFF91281EB7F03127FA14D3368B79F11D5
:106250009EF80008DA3B22CA3B7F300BFE12820315
:10626000793FFFFF792FFFFD7F032E140012126F7D
:106270006A292300337E3008AC232E140CAB6D004A
:10628000127FA14D33681C69330036692300346ED8
:1062900034FFFF6E24FFFF5E370CF35E270CF17AAC
:1062A0001F0CF1693FFFFF692FFFFD1281EB1BFE01
:1062B000DA3B227EB30D2FBEB00D50507EA003A45A
:1062C0009062C4730262EB0262EE02630C0262F13E
:1062D00002630C0262F40262F70262FA0262FD02D9
:1062E00063000263030263060263090238E3024D9E
:1062F000B4024F8B026BBA024E530282A70266872A
:10630000024B2B0270A10279F20282AA0281ABCA6F
:106310003B7F302EF80008BE3400017842693FFF11
:10632000F1692FFFEF793FFFFB792FFFF91282030D
:10633000793FFFFF792FFFFD7F032E1400121261BA
:10634000FB693FFFFB692FFFF97933001A693FFFB3
:10635000FF692FFFFD1281EB1235989F1180047E9B
:106360001CFFFF9EF80008DA3B22CAF87F707DD23E
:106370007DC32EF8000BE47AFBB07EF00A7EB400F9
:106380000A7F177D1B12442C2E0800300AAF7F1F96
:106390002E34FFF52D3A7A1B307F177D1B12442CCB
:1063A0007F711BF0BEF00038D4693FFFF1CA397F1E
:1063B0000F2E14FFF47D2D7D3C126B701BFD9EF89B
:1063C000000BDAF822CA3B0BFE126C4B7F31BE3851
:1063D000000068466933006D793FFFFD7F0312813D
:1063E00063793FFFFFBE34000178057F0312770A0F
:1063F000693FFFFD4D3368087F03693FFFFD993416
:10640000693FFFFF4D3378C16913002869030026F7
:10641000127AFE7F031274B480AF1BFEDA3B22CAED
:10642000797F20BE340002782669120006690200D6
:10643000041270637D73BE3400644813BE7403E8B5
:10644000180D7E24000A7D371243E04D2268117E2C
:106450001424147E0400FE1266317E34FFFF801681
:106460007D37127E0ACA797E1424017E0400FE1252
:1064700066311BFD6D33DA7922BE08000068527F59
:10648000109E340008691100020B1A005E30FE7F76
:106490002054FE795100021B1A006950002A6940FD
:1064A0000028BF1250087930002A7920002869F0AE
:1064B000002269E000207F219F27694100049D455B
:1064C0007F702EF4001C0B7A509D541B7A500243AF
:1064D0000D22CA3B7F300BFE29B3003254070A3B22
:1064E0006D22BE180001680CBE18000368067E1CF1
:1064F000FFFF8032128203793FFFFF792FFFFD7F7C
:106500000312625729B3003254F8440239B30032FF
:106510007F032E140045126DA4693FFFFF692FFF12
:10652000FD1281EB9F111BFEDA3B22CA3B7EF1FC80
:106530007406127FE07CEB7402127FE07CCB740463
:10654000127FE07CDB7CBE30E1031282B27CBE3085
:10655000E2031254A37CBC30E0031250BB7CBC307D
:10656000E1031276DA7CBC30E2031278D07CBD30D5
:10657000E103125AA17CBE30E0031282B17AF1FC31
:10658000DA3B22CA69CAF87CFB7D630BFE7E3400CD
:106590000A12491F793FFFFF792FFFFD4D23780431
:1065A0009F11802F693FFFF2692FFFF0CA1B693FDF
:1065B000FFF2692FFFF0CA1B691FFFF7690FFFF594
:1065C0007D367CBF1259429EF80008693FFFFF6983
:1065D0002FFFFD1BFEDAF8DA69220BFE7F1F2E3437
:1065E000FFFD7E1417BD7E0400011260764D236806
:1065F0000D12829F7F011264D2123598802E128074
:106600009C7F31693FFFFF692FFFFD9F137E14FFC1
:10661000FF7E047FFFBF105013793FFFFF792FFFEC
:10662000FD693FFFFF692FFFFD1282A41236BE8075
:10663000ABCA79CA0B1280BE60046D338044127DF0
:106640001A7F1F2E34FFF9CA1B693FFFFB692FFF1A
:10665000F9CA1B7E1416B57E0400017E34007F1239
:1066600000CE9EF800087D73BE74007F28047E74FF
:10667000007F7E1416B57E040001126E29127E86FC
:106680007D371BFEDA79227EB30D2EB480227EB3D5
:106690000D31701C7EB30D3070167EB30D3370104B
:1066A0007EB30D32700A7E370D34BE3400016803AC
:1066B0000281AB7EB30D37B4040A7E3456BF7E240C
:1066C00000FF80087E3456BD7E2400FF7A1F0D3BFC
:1066D0007E3400017A370D39028124CAF87CFBCA66
:1066E0001B0BFE7E34000212491F793FFFFF792FFA
:1066F000FFFD4D2378028027691FFFFF690FFFFD13
:10670000128218693FFFFB691FFFFF690FFFFD79C8
:1067100030001A693FFFFF692FFFFD39F100096959
:106720003FFFFF692FFFFD9EF80008DAF8227E1474
:106730002BE67E0400FE1266317E142BC27E04001E
:10674000FE1266317E342B8C7E2400FECA1B7E3402
:106750002B957E2400FECA1B7E340001CA39CA393B
:106760007E340004CA397E142BA17E0400FE12661A
:10677000319EF8000E7E142B627E0400FE0266310C
:10678000CAF87CFB0BFE7E34000412491F793FFFE0
:10679000FF792FFFFD4D2378028029693FFFFF69B4
:1067A0002FFFFD39F10009691FFFFF690FFFFD127F
:1067B00082189F11691FFFFF690FFFFD7930001CD0
:1067C0007920001A693FFFFF692FFFFD1BFEDAF8F1
:1067D00022CA3B7D727D630BFE4D72680E7E34FFD4
:1067E000FF8D37BD6328049F1180327D36AD37128F
:1067F00077F1793FFFFF792FFFFD4D2368177D3635
:10680000AD376D22CA1B691FFFFB690FFFF96D339E
:106810001279CA1BFE693FFFFF692FFFFD1BFEDADD
:106820003B22CA3B7E142E367E0400FE1266317E69
:106830003F043980266933000669230004CA1B69B6
:106840003300020B3A20CA1B7E142E2A7E0400FE5F
:106850001266319EF800082E74000A7E1F043DBFA8
:106860003140D27E142E287E0400FE1266316D3334
:10687000DA3B222EF800067F1F2E34FFFBCA1B7F57
:106880001F2E34FFF97F0F2E14FFFB126FE71BFE44
:10689000691FFFFD693FFFFF7D539D516D44CA2B6A
:1068A000695FFFF7CA2B6D00CA0B6D22CA1B7E14ED
:1068B00021EF7E0400FE1266319EF800106D339EBB
:1068C000F8000622CA1B0BFE7F1F1B367E1B307F83
:1068D0001F2E34FFFD7A1B307F1F2E34FFFB7E1BE3
:1068E000307F1F1B357A1B307F1F2E34FFFA7E1B33
:1068F000307F1F1B347A1B307F1F2E34FFF97E1B25
:10690000307F1F7A1B30693FFFFF692FFFFD9EF824
:10691000000822CA3BCA29CA39742A127FB6693FC5
:10692000FFFF0A561280E0695FFFFF1280E00A5203
:106930001280E07D511280E0742B127FB6693FFF18
:10694000FD0A561280E0695FFFFD1280E00A5012D6
:1069500080E07D501280E0742C127FB61BFEDA3B83
:1069600022CA797D730BFE9F11793FFFFF792FFFBC
:10697000FDBE7400804032BE7402002802802A12DC
:1069800082037EB30941701674017AB309417A77A4
:1069900009427E080741791FFFFF790FFFFD128131
:1069A000EB693FFFFF692FFFFD1BFEDA79227F7045
:1069B000BE34000A781D69B700020B7AA07EC400BD
:1069C0000A7F157D1C12442C7DD17F157D1C12443D
:1069D0002C801D693700020B7A207F015E14000FA6
:1069E0007DD174041E341E2450034E60801478F44C
:1069F000793700021B7A207D3D22CA3B7F300BFE97
:106A000029B300325407B404049F11803360057F1A
:106A100003126257128203793FFFFF792FFFFD7F38
:106A2000032E14004512724B740439B300327F03F5
:106A30001281B9693FFFFF692FFFFD1281EB9F11A2
:106A40001BFEDA3B22CA3B7F300BFE29B3003254D7
:106A500007B404049F11803360057F03126257124C
:106A60008203793FFFFF792FFFFD7F032E1400453E
:106A700012724B740439B300327F031281B9693F3B
:106A8000FFFF692FFFFD1281EB9F111BFEDA3B22F6
:106A9000CA3B7F300BFE29B300325407BEB00268F8
:106AA000067E1CFFFF802F128203793FFFFF792FA4
:106AB000FFFD7F032E140012126F6A7F032E140055
:106AC00045126DA47F0312538C693FFFFF692FFFAE
:106AD000FD1281EB9F111BFEDA3B22CA3B7F30CABD
:106AE00029CA39693FFFFDBE340130383480237E26
:106AF0003BB00B74691FFFF5692FFFFD693FFFFF76
:106B00007E100112463C693FFFFF2E340006793F9C
:106B1000FFFF7E3BB0600A693FFFFFBE3401DA2809
:106B2000CE1BFEDA3B22CA3B7F302EF800061280D5
:106B3000670B34793FFFFF1277F1793FFFFD792F23
:106B4000FFFB4D2378049F11801F693FFFFF6D22DB
:106B5000CA1B7F13691FFFF9690FFFF7125EE01B65
:106B6000FE693FFFFD692FFFFB9EF80006DA3B221E
:106B7000CA3B7F30CA29CA39693FFFFDBE340130A4
:106B8000383380227E3BB00B74691FFFF5692FFFFD
:106B9000FD693FFFFF6C1112463C693FFFFF2E3439
:106BA000000C793FFFFF7E3BB0600A693FFFFFBEEC
:106BB0003401D428CF1BFEDA3B22CAF87EB30D2E57
:106BC00070237EB30D33701D7EB30D3270177EB30C
:106BD0000D3170117EF30D30BEF08050087E370D00
:106BE000344D3368051281AB80177C7FE4128041FD
:106BF0004CFF68047403800274027AB30D3712816B
:106C0000C6DAF822CA3B0BFE12829F7F3112820342
:106C1000793FFFFF792FFFFD6933003F6923003D76
:106C200079330043792300417F132E3400327E1BD9
:106C3000B044087A1BB0123598693FFFFF692FFFF7
:106C4000FD1281EB9F111BFEDA3B22CA3B0BFE9F1C
:106C5000337E180C4F691100020B1A00BF01682A1D
:106C6000697100020B1A609E740012128203793F50
:106C7000FFFF792FFFFD7F032E140012126F6A6948
:106C80003FFFFF692FFFFD1281EB7F131BFEDA3BF5
:106C900022C2AF75E90075EA0043BA807593FF75AB
:106CA00094007591FF7592007595FF75960075B10A
:106CB000FF75B200D2B253B1FB75B3FF75B4007566
:106CC000C91F75CA0075CBFF75CC0075F8FF75E25A
:106CD0000075E100022C9BCA3B7F300BFEBE3400E6
:106CE000017830128203793FFFFF792FFFFD7F0388
:106CF0002E1400121261FB9F117933001C792300BE
:106D00001A693FFFFF692FFFFD1281EB1235989F33
:106D10001180047E1CFFFF1BFEDA3B227F217F7067
:106D20007E7B700BF40A377E2B500B540A15BE3451
:106D30000041480ABE34005A18042E340020BE1404
:106D40000041480ABE14005A18042E140020BD3118
:106D500078044D3378CA1A021A001A261A249F1092
:106D6000227F217F70693FFFFD4D3368347F177F9D
:106D7000027E0BB00B147F610B347A6BB0701680FF
:106D800006E47A1BB00B34695FFFFD1B54795FFF8B
:106D9000FD78EE800C695FFFFD1B54795FFFFD7885
:106DA000D07F1722CA3B7F300BFE29B3000920E0B9
:106DB000067E1CFFFF802B128203793FFFFF792F95
:106DC000FFFD7F031274127F132E3400097E1BB067
:106DD00054FE7A1BB0693FFFFF692FFFFD1281EB64
:106DE0009F111BFEDA3B22CA3B7E34000312491F6F
:106DF0007F31BE38000078047F13802A7F0312821F
:106E0000187E3400017933001A9F117933002079FC
:106E100023001E74FF39B3001CE439B3001D740154
:106E200039B300097F13DA3B22CA3B7F3012829FBD
:106E30004D2368331280BE0A3B4D33782A7F0312FC
:106E4000767A801B7E3BB0B40A09740D124BD04D8C
:106E50003368117E3BB00B74124BD04D3368057E06
:106E60003BB070E0123BE9DA3B227F707D427DD37C
:106E70007C5B7404ACB52E5409FF7AB1827AA1838D
:106E8000693E00020BEA20BF10681E7AB1827AA127
:106E90008379FE00021BEAE0695FFFFDCA597F07A4
:106EA0007D247D3D12636A1BFD227F71BE78000048
:106EB00058067E6CFFFF802F7E5803E87F177F0502
:106EC00012447F7E1400641244237F617F177F0584
:106ED00012447F7F107E1400641244232E1803E7AF
:106EE0007F0512447F2F617F16227F217F70BE783D
:106EF0000000680B7E1F0D266931001A1B7A30BE18
:106F0000280000680B7E1F0D266931001C1B2A30EB
:106F1000691FFFFD690FFFFBBE080000680B7E1FA5
:106F20000D266931001E1B0A3022CA3B0BFE12825D
:106F30009F7F31128203793FFFFF792FFFFD7F038F
:106F40001262577F032E14004512724B740439B33A
:106F500000327F031281B9693FFFFF692FFFFD12E5
:106F600081EB1235981BFEDA3B227F7069370006F1
:106F700069270004691700020B7A0079300006794E
:106F8000200004691700020B7A00693700066927A0
:106F90000004791100021B1A0079F7000679E70056
:106FA0000479F700021B7AE0227F706D338021693B
:106FB0001700020B7A007E0B500B14791700021B8E
:106FC0007A001A157E24000AAD322D319E3400302D
:106FD000691700020B7A007E0B501A259E240030A0
:106FE000BE24000A40C922CA3B7F31CA0B0BFE12E5
:106FF0007E3C793FFFFF792FFFFD693FFFF1692F4D
:10700000FFEFCA1B7F13691FFFF7690FFFF5126EB1
:10701000EA1BFE693FFFFF692FFFFD1280089EF803
:107020000008DA3B22CA3B0BFE7F30128203793F15
:10703000FFFF792FFFFD7E1CFFFE7933003079239F
:10704000002E7F032E140012126F6A7F0312538CDE
:10705000693FFFFF692FFFFD1281EB1235981BFE80
:10706000DA3B227F706D337E7BB0702F8015802BD2
:107070007E7B50BE5030480BBE50391806BE3403DC
:10708000E828057E34FFFF227E7B500BF41A159E04
:107090001400307E24000AAD322D317E7BB070D0DA
:1070A000227EB30D37B4041D7EB30D2EB481167E3F
:1070B000B30D3170107EB30D33700A7E370D34BEC0
:1070C00034000168030281AB7E3456BD7E2400FF8C
:1070D0007A1F0D3B7E3400017A370D39028124CAB4
:1070E0003BCAB87F217F30CA2B7E34000A1250245D
:1070F0001BFE693FFFF2692FFFF0CA1B693FFFF2D9
:10710000692FFFF0CA1B7F03693FFFF029BFFFF81B
:107110001259429EF800081BFCDA3B22CA3B7F3022
:107120007E0F0435BE080000680912784C9F117A62
:107130001F0435BE380000681B7F031280670B34C4
:107140001277F17A1F04354D2368097F137E0F04EF
:1071500035127CE26D33DA3B22CA797EB30D37B447
:10716000041D7EB30D2EB4A1167EB30D3370107EB8
:10717000B30D32700A7E770D34BE740007680512B5
:1071800081AB800F7E180D507A1F0D3B7A770D3939
:10719000128124DA7922CA797EB30D37B4041D7EB8
:1071A000B30D2EB421167EB30D3370107EB30D32A5
:1071B000700A7E770D34BE74000768051281AB80BB
:1071C0000F7E180D507A1F0D3B7A770D3912819D75
:1071D000DA7922CA3B7F217F30CA2B7E340003122A
:1071E00050241BFE7F031282187E34000179330085
:1071F0001A9F11793300207923001E74FF39B300E0
:107200001CE439B3001D740139B30009DA3B22CA0A
:107210003B7D73CA0B0BFE127E3C793FFFFF792F3B
:10722000FFFDCA79693FFFF9692FFFF77E0F0D2631
:10723000122F4E1BFD7F31693FFFFF692FFFFD12AB
:1072400080087F139EF80008DA3B22CA3B7F300B90
:10725000FE128203793FFFFF792FFFFD7F03127437
:10726000127F132E3400097E1BB054FE7A1BB069C6
:107270003FFFFF692FFFFD1281EB7F0312770A9F0B
:10728000111BFEDA3B22CA3B7F300BFE12820379D0
:107290003FFFFF792FFFFD7F031274127F132E34FF
:1072A00000097E1BB054FE7A1BB0693FFFFF692FB7
:1072B000FFFD1281EB7F031274B49F111BFEDA3BBA
:1072C00022CA3B7F30CAB80BFD7416127FE07AFBEE
:1072D000B039BFFFFF800C29BFFFFE127FE07A3B71
:1072E000B00B747EFBA07CBA147AFBB04CAA78E792
:1072F00029BFFFFF9EF80003DA3B227F706D116902
:1073000037002C6927002A69D7002869C700262D75
:10731000D380020B147D516D44BF2150127E04FFB7
:10732000FF9D017F262D507E2BB0BEB02368E46DFB
:10733000009F10227CAB30E2157EB30D6B600A7E9D
:10734000730D6B0A371B34801E7E700280190A3A57
:107350005E34002868157E730D6B0A370B347E246B
:1073600000031243E07C757A730D6B227F617F709E
:107370006CAA80237E6B700BD41A477E7B701A57E1
:107380009D547CAB70197E7BB00BF46012693FFF9B
:10739000FD1B34793FFFFD693FFFFD4D3378D51A62
:1073A0003A1A2622CA3B1282037F317E370CEF1B2A
:1073B000347A370CEFBE34000018186D337A370C6E
:1073C000EF7F131281EB7E1F0CEB4D23680A123501
:1073D0009880057F131281EBDA3B227F217F70803A
:1073E00009693000020B0A207F0169D000020B0AF4
:1073F000C0BE6800006804BF6278E6BE680000682E
:107400000E693600020B6A20793000021B0A207FC9
:107410001722CA3B7F300BFD6D33793FFFFF693F79
:10742000FFFF3E343E343E347F032D132E140012F2
:10743000126F6A693FFFFF0B34793FFFFFBE3400D4
:107440000148DB1BFDDA3B227436127FB674091249
:1074500080E0742A127FB6E41280E01280E07401AA
:107460001280E0743F1280E0742B127FB6E4128029
:10747000E01280E074011280E074DF0280E0743674
:10748000127FB6742B1280E0742A127FB6E4128049
:10749000E01280E074011280E074DF1280E0742B4F
:1074A000127FB6E41280E01280E074011280E07472
:1074B0003F0280E0CA3B7F300BFEE439B300081284
:1074C0008203793FFFFF792FFFFD7F032E14000A0F
:1074D000126F6A693FFFFF692FFFFD1281EB7F0387
:1074E00012784C1BFEDA3B22CA3B7F307E1F0CF128
:1074F000127B6A7D131A061A001B0C7D513E543E06
:10750000543E542E540CAB493500020B58209E3487
:107510000012791300021B3A00DA3B22E47AB30D21
:10752000577EB30D5B0A3B0B34BE34000E58070484
:107530007AB30D5B80137E730D5A0A370B347E24A9
:10754000000E1243E07A530D5A127E6E027AB47F17
:10755000216D33801E7E2B700A377E0B500A259DCD
:10756000237D3278180B140B54692FFFFD1B2479EF
:107570002FFFFD692FFFFDBE24000038D81A261A00
:1075800024227F717F60693600066926000479F144
:1075900000021B1AE06936000669260004793700EC
:1075A000067927000479F6000679E60004791700C9
:1075B000021B7A00227EB30D37B4041B7EB30D2E5E
:1075C000B421147EB30D33700E7EB30D3270087E7D
:1075D000370D344D3368030281AB7EB30D30540355
:1075E0007AB30D4F0281C67F7029B700337E180031
:1075F0000160052F111478FB7937003679270034A4
:10760000740239B700327F07126A9012829F4D23AD
:1076100068031235989F1122CAF80BFE7EF0010A0A
:107620003F127B46793FFFFF792FFFFD4D23680D09
:10763000691FFFFF690FFFFD0B151280790BF0BE6C
:10764000F00E40DB1BFEDAF8227F717F60693600A6
:10765000020B6A2079F1000679E100046936000224
:107660000B6A20793700021B7A2079F600021B6A28
:10767000E0791700067907000422CA3B7F300BFE31
:10768000801E128203793FFFFF792FFFFD7E3BB002
:107690000B741224AB693FFFFF692FFFFD1281EBD2
:1076A0007E3BB070DD1BFEDA3B22CA3B7F307E148E
:1076B0002E957E0400FE1266317F132E3400A5CA7B
:1076C0001B125CD2CA1B7E142E9B7E0400FE126627
:1076D000319EF800086D33DA3B22CAF87E700174DF
:1076E0000E1280417411127FE07CFB30E5087E7041
:1076F0004074111280417CBF30E2076C7774111224
:107700008041E47AB30D2CDAF822CA3B7F300BFEBD
:10771000E439B30008128203793FFFFF792FFFFDA0
:107720007F032E14000A126F6A693FFFFF692FFF63
:10773000FD1281EB1BFEDA3B227E1CFFFF7E140054
:10774000007E0400011226601282039F007A0F005F
:107750000C7A0F02A37A0F00171281EB7E1400003F
:107760007E040001022DF9CA3BCAB87F217F30CACE
:107770002B7E3400041250241BFE7EFB70397300F4
:10778000097F031282189F117933001C7923001A94
:107790001BFCDA3B22CA3BCAB87F217F30CA2B7E52
:1077A0003400021250241BFE7F03128218693FFF2F
:1077B000F87933001A7EFB70397300099F111BFCA6
:1077C000DA3B227F717F207F100B1C5E70FE7F07EB
:1077D0005E30FE7D237D319D32CA397F127E142BAF
:1077E000567E0400FE1221111BFD7A1F0D26027F1A
:1077F00077CA3B7D730BFE127E3C793FFFFF792FEA
:10780000FFFD7E0F0D267D371229A17F31693FFFD5
:10781000FF692FFFFD1280087F131BFEDA3B22CA8F
:107820003B7F307E142EA07E0400FE1266317F0363
:10783000123AE8CA3B125CD2CA1B7E142E9B7E040D
:1078400000FE1266319EF80008DA3B22CA3B7F3008
:107850000BFEBE380000681B127E3C793FFFFF79AB
:107860002FFFFD7F03126479693FFFFF692FFFFD42
:107870001280081BFEDA3B22CA3B0BFE7F0F2E1440
:10788000FFFD1274E87F317A1F0CEB7F0112625703
:10789000740339B300327F132E34001A127CFE1B9E
:1078A000FEDA3B22CA3B6D337A370CEF9F337D17EC
:1078B0003E143E143E142E140CAB6D001280790B56
:1078C0003CBE38000848E79F117A1F0CF1DA3B22D2
:1078D000CAF87E7002740E1280417411127FE07C2F
:1078E000FB30E5087E704074111280417CBF30E2AD
:1078F000076C777411128041DAF8227F01BE08000C
:1079000000580A6E14FFFF6E04FFFF0B0CBE080048
:107910000B08057E1F0D22223E143E1449310CF83F
:1079200049210CF622CA7912829F7F2169320020F8
:1079300069120028690200260B0A70691200246986
:10794000020022993499747403120003DA7922CA6E
:107950003B7F302E1400121261FB7F032E14003087
:107960001261FB6913001C6903001A12784C7F0333
:107970001274B49F11DA3B227F2180096930000222
:107980000B0A207F01693000020B0A204D2378EC9E
:10799000795000021B0A409F11793200021B2A20F5
:1079A00022CA3BCA787F30CAB8800B7E3B700B740A
:1079B0007EFBB012804129AFFFFF7CBA1439BFFFB4
:1079C000FF4CAA78E61BFDDA3B227D537F707F10C7
:1079D00080057A1BB00B34691FFFFD690FFFFB7F29
:1079E000601B6C79DFFFFD79CFFFFB4D0178E37FF2
:1079F00017227EB30D37B4041B7EB30D2EB40114D1
:107A00007EB30D31700E7EB30D3370087E370D34AA
:107A10004D3368030281AB0281C6CAF81282037E2D
:107A2000B30941600D7E1709421B1409B10741B427
:107A300023057EF00180026CFF1281EB7CBFDAF837
:107A400022CA390BFD7F1F1B357E1B307F1F1B3465
:107A50007A1B307F1F2E34FFFD7E1B307F1F7A1B69
:107A600030693FFFFF1BFE227F617F7080040BF4B3
:107A70000BD47E7B704C7768077E6B60BC7668EEBB
:107A80007E6B601A161A021A371A269F10220BFEF6
:107A90007E1CFFFF793FFFFF792FFFFD7F1F2E34F4
:107AA000FFFD7E080944126076693FFFFF692FFFE2
:107AB000FD1BFE227CAB6C777E60207E904CAC9AE6
:107AC0000A272D422E440E8D7A91827A81837AEB99
:107AD000600B70BE704C40E022CA3B7F311280BE0A
:107AE0006002800912829FBE18000078067A770D26
:107AF0002A8008797100307961002EDA3B22CA3B76
:107B00007F30128203BE38074178117EB30941608D
:107B10000BE47AB309416D117A1709421281EBDA4D
:107B20003B221280BE6002800B12829F7F01BE0842
:107B3000000078097E370D2A1A261A24226930009F
:107B4000306920002E227D136D007E54000CAD5054
:107B500049450C57BD4178077E180C572D35220B2F
:107B600004BE04000748E39F11227F211B1C5D35E2
:107B70005D246D356D247E14002512442C7F102E5B
:107B80002400FE2E182C3F7E1B700A37227F717F47
:107B90006080040B140BF47E0B604C66680B7E7BDC
:107BA000704C776804BC6768EA7D319D3D227E3465
:107BB0002EE37E2400FE7E1418AB7E0400017401C7
:107BC0001271D3124C747E730D367A730D5E22CA15
:107BD000F86CFF7CBF127AB40BF0BEF00E40F4E4F8
:107BE0007AB30D577AB30D5B7AB30D5ADAF8227D6A
:107BF000537F1F2E34FFFBCA1B693FFFF9692FFF1C
:107C0000F7CA1B7D351200CE9EF800081A2622CA3C
:107C1000796D777D173E143E143E142E1409446D81
:107C2000001280790B74BE74000140E7DA7922E417
:107C300020FC02740120FB02440220FA02440420CA
:107C4000F902440820F802441020B2024420227FA6
:107C5000206D33691200020B2A00800B695000026C
:107C60000B0A407F020B34BE08000078EF22CA3BAB
:107C70007F302E1400121261FB7F032E140030128D
:107C800061FB7F0312770A9F11DA3B22CA3B128203
:107C9000037F31127BCFE47AB30D5C6D337A370DFD
:107CA000587F131281EBDA3B227F206D33800B6902
:107CB000F000020B0AE07F070B3469F000020B0AA8
:107CC000E0BF7278EA22CA1B7F1F2E34FFFBCA1B5B
:107CD000693FFFFB692FFFF9127DA21BFE1A261BCD
:107CE000FE227F617F707F10800A7E6B307A7B304E
:107CF0000BF40BD47E6BB070F1E47A7BB0227F0181
:107D0000C2AF9F117A1F0D467A0F0D4A74017AB3E4
:107D10000D4E123FE9740202000312829F4D236848
:107D2000141280BE700F7E1CFFFF7E1418AB7E0401
:107D3000000102266022CA3B7F301282037E0F00C0
:107D40001BBF0378069F007A0F001B1281EBDA3B02
:107D5000227F208009693200020B2A207F216932AC
:107D600000020B2A204D2378EC7F12227C675E6094
:107D7000013E607E0F04312E1400207E0B705E7079
:107D8000FD4C767A0B70227EB30D2F24DF680A1427
:107D9000680A0BB178090271960271590275B50231
:107DA00081AB7F21693FFFFD692FFFFBCA1BCA2BF7
:107DB0007E34FFFF1200CE9EF80008221280BE60C3
:107DC00002800E12829FBE18000068052E34002E1D
:107DD000227E180D2A227F617F7080020B147E0B99
:107DE000B060087F109F17BF1640F17D319D3F2284
:107DF0007F217F70693700020B7A20793200021BE5
:107E00002A20795700021B7A4022CA797D73128298
:107E1000037E04000A7D178D107A1700111281EB82
:107E2000DA79227E1F04270B1C7A1F04277E180094
:107E3000047E1409887E0400010222EA12829F4D0A
:107E400023680F7E1CFFFF7E1416937E0400010240
:107E500026609F11227C675E60017E0F04312E1424
:107E600000207E0B705E70FE4C767A0B70227E7363
:107E70000D5B0A277E730D5A0A372D327E24000EC1
:107E80001243E07CB52212829F4D2368101280BEFF
:107E9000700B7E1418AB7E040001022DF9227F20A6
:107EA000BE280000680E7F121B1E691100020B1A0B
:107EB0000002784C227F717EB30D4E70047A7F0DE4
:107EC000467A0F0D4A74017AB30D4E227D237E341B
:107ED00016C97D131B147D3178F87D121B147D218A
:107EE00078EC227F219F11CA1B693FFFF9CA397FB5
:107EF000121213329EF8000622CA3B7F302E140065
:107F0000121261FB7F0312770A9F11DA3B22CA3BF0
:107F10007F302E1400121261FB7F031274B49F1184
:107F2000DA3B22CA3B7F302E1400121261FB7F0322
:107F300012770A9F11DA3B22CA3B7F302E140012BF
:107F40001261FB7F031274B49F11DA3B22CA3B7F9C
:107F5000302E1400121261FB7F0312770A9F11DA90
:107F60003B22CA3B7F302E1400121261FB7F0312AA
:107F700074B49F11DA3B227E342B567E2400FE7EA1
:107F80001416937E04000174010271D37F206932BC
:107F900000020B2A204D2378057E340001226D3328
:107FA000227F20693200020B2A20BF1078057E3420
:107FB0000001226D3322C2C5C2C375E8007AB1A0A8
:107FC00000C2C200D2C2D2C5D2C32212809CCA1B38
:107FD0007E14248F7E0400FE1266311BFE6D332258
:107FE0007CABE5FC20E7FB7CBA4480F5FCE5FC209B
:107FF000E7FBE5EC227F20691200020B2A009E14A9
:108000000012126A909F112212829F4D23680B7EEC
:108010001416937E040001022DF922538E7F53899A
:10802000F0758C8E758A12C28DD2A9D28C227E34C4
:1080300025A37E2400FE7E1425177E0400FE028206
:10804000517CA77C7BE5FC20E7FB7CB7547FF5FCEB
:108050007AA1EC227EB30D2FB4200BE47AB30D5439
:1080600074087AB30D56227F7080020BF47E7BB0C9
:1080700070F97D217D3F9D31227F207912000679A4
:10808000020004791200021B2A0022CAF81282039D
:108090007EF309411281EB7CBFDAF822CA3B1282DF
:1080A000037E3F0D621281EB7F13DA3B22CA3B7FD6
:1080B000311282037A3F0D621281EBDA3B22CAF859
:1080C0001282037EF30D6C1281EB7CBFDAF8227A08
:1080D0001F0D467A0F0D4A74017AB30D4E023FE927
:1080E000C2C375E8007AB1A000C2C200D2C2D2C336
:1080F000227E1F043129B100201EB054010A3B6DBD
:10810000222212672E7E14246A7E0400FE1266313B
:108110006D33221277397E1423EC7E0400FE126642
:10812000316D332274037AB30D387E7040741112AE
:108130008041025F471282037E170CEF0B147A17FF
:108140000CEF0281EB1282037EB30D6C147AB30D37
:108150006C0281EB1282037EB30D6C047AB30D6C5A
:108160000281EB29B0000830E7057E340001226D62
:1081700033227E1F043129B1002054010A3B6D22B5
:10818000227F20BE28000068057F02026E29227E21
:108190001423E47E0400FE1266316D332274047AE7
:1081A000B30D387E7040741102804174057AB30DAE
:1081B000387E706074110280417F102E3400127E70
:1081C000080C4F027649E47AB30D387E704874117A
:1081D0000280417F014D0368057404020003227C84
:1081E0007BBE700238047A730D6B227F014D0368E9
:1081F00003D2AF22C2AF227F209F11793200021B2F
:108200002A2022A2AFE4330A3B6D22C2AF221280A1
:108210009C7E14000A0244232E1400121280799FBF
:1082200011227F20693200020B2A20227F2069322E
:1082300000020B2A20227E3418387E2400012212EC
:108240008154125E7902814512815412652B02819C
:10825000457A0F04397A1F043D2274017AB3001065
:108260002229B00008547F227F10740102000E12F0
:10827000770A9F1122126EAA0258CA12457E1A3B33
:10828000227EB30D6B221263C580FB7E1CFFFF2292
:108290009F110226609F110240827E370CEF227EE2
:1082A0001F0CEB220258CA0281AB0281AB0281ABE8
:0382B00022222265
:00000001FF
